certificate_no,company,company_link,country,product_designation,certificate_type,software_version,protocol_version,date_of_registration,certificate_url,product_type
OCA.0016.1268.CSMS,A-Pro Co. LTD.,,Republic of Korea,APRO CSMS,Core + S + C,1.0.0,OCPP 1.6,2026-07-23,https://openchargealliance.org/wp-content/uploads/2026/07/Certificate_OCA.0016.1268.CSMS_A-Pro.pdf,Charging Station Management System
OCA.0016.0528.CSMS,"AHA Co., Ltd",https://openchargealliance.org/participants/aha-co-ltd/,Republic of Korea,AHAEVC CSMS 1.6,Full,v1.0.0,OCPP 1.6,2023-10-11,https://openchargealliance.org/wp-content/uploads/2023/12/Certificate_OCA.0016.0528.CSMS_AHA.pdf,Charging Station Management System
OCA.0016.1050.CSMS,AI-RIDER CORPORATION,https://openchargealliance.org/participants/ai-rider-corp/,Taiwan,AI-RIDER CSMS,Full + Security,1.0.0,OCPP 1.6,2025-05-07,https://openchargealliance.org/wp-content/uploads/2025/05/Certificate_OCA.0016.1050_CSMS_AI_RIDER.pdf,Charging Station Management System
OCA.0016.1137.CSMS - update-2025-12-12,Alon Inc.,,Republic of Korea,Alon CSMS Solution,Core + S + C,,OCPP 1.6,2025-10-23,https://openchargealliance.org/wp-content/uploads/2025/12/Certificate_OCA.0016.1137.CSMS_Alon.pdf,Charging Station Management System
OCA.0016.1242.CSMS,Ampaway,https://openchargealliance.org/participants/ampaway/,USA,Ampaway Management Platform,Core + S + C,1.0.0,OCPP 1.6,2026-05-19,https://openchargealliance.org/wp-content/uploads/2026/06/Certificate_OCA.0016.1242.CSMS_Ampaway.pdf,Charging Station Management System
OCA.0016.0509.CSMS,Ampeco LTD,https://openchargealliance.org/participants/ampeco-ltd/,Bulgaria,AMPECO EV Charging Management Platform,Full,v.2.103.2,OCPP 1.6,2023-10-18,https://openchargealliance.org/wp-content/uploads/2023/12/Certificate_OCA.0016.0509.CSMS_AMPECO.pdf,Charging Station Management System
OCA.0016.0510.CSMS,Ampeco LTD,https://openchargealliance.org/participants/ampeco-ltd/,Bulgaria,AMPECO EV Charging Management Platform,Security,v.2.103.2,OCPP 1.6,2023-10-18,https://openchargealliance.org/wp-content/uploads/2023/12/Certificate_OCA.0016.0510_Ampeco.pdf,Charging Station Management System
OCA.0016.0839.CSMS,AmpUp,https://openchargealliance.org/participants/ampup/,USA,AmpUp Community Manager,Full + Security,v1.0.0,OCPP 1.6,2024-12-04,https://openchargealliance.org/wp-content/uploads/2024/12/Certificate_OCA.0016.0839.CSMS_AmpUp.pdf,Charging Station Management System
OCA.0201.0161.CSMS,AmpUp Inc.,https://openchargealliance.org/participants/ampup/,USA,Community Manager,Core + S + C,20260316,OCPP 2.0.1,2026-05-22,https://openchargealliance.org/wp-content/uploads/2026/06/Certificate_OCA.0201.0161.CSMS_AmpUp.pdf,Charging Station Management System
OCA.0016.0973.CSMS,"ANHUI YIJIANENG DIGITAL TECHNOLOGY CO., LTD.",,China,Eplvs,Full + Security,V3.0.0,OCPP 1.6,2025-02-11,https://openchargealliance.org/wp-content/uploads/2025/02/Certificate_OCA.0016.0973.CSMS_AYDT.pdf,Charging Station Management System
OCA.0016.0331.CSMS,"Autel Digital Power Co., Ltd.",https://openchargealliance.org/participants/autel-digital-power-co-ltd/,China,EVOTA,Full,2.0.105,OCPP 1.6,2023-04-17,https://openchargealliance.org/wp-content/uploads/2024/01/Certificate_OCA.0016.0331.CSMS_Autel-Digital-Power-Co.-Ltd.pdf.pdf,Charging Station Management System
OCA.0016.0332.CSMS,"Autel Digital Power Co., Ltd.",https://openchargealliance.org/participants/autel-digital-power-co-ltd/,China,EVOTA,Security,2.0.105,OCPP 1.6,2023-04-17,https://openchargealliance.org/wp-content/uploads/2023/12/Certificate_OCA.0016.0332.CSMS_Autel-Digital-Power-Co.Ltd_.pdf,Charging Station Management System
OCA.0201.0025.CSMS,"Autel Digital Power Co., Ltd.",https://openchargealliance.org/participants/autel-digital-power-co-ltd/,China,EVOTA,Core + S,release-v2.5.46,OCPP 2.0.1,2024-05-16,https://openchargealliance.org/wp-content/uploads/2024/05/Certificate_OCA.0201.0025.CSMS_Autel-Digital-Power.pdf,Charging Station Management System
OCA.0201.0102.CSMS,"Autel Digital Power Co., Ltd.",https://openchargealliance.org/participants/autel-digital-power-co-ltd/,China,EVOTA,Core + S + L + C + D + R + U + I,release-v2.8.51,OCPP 2.0.1,2025-06-02,https://openchargealliance.org/wp-content/uploads/2025/07/Certificate_OCA.0201.0102.CSMS_Autel.pdf,Charging Station Management System
OCA.0016.0308.CSMS,"Autocrypt Co., Ltd.",,Republic of Korea,EVIQ CSMS,Full,v1.0.0,OCPP 1.6,2023-04-13,https://openchargealliance.org/wp-content/uploads/2023/12/Certificate_OCA.0016.0308.CSMS_Autocrypt-Co.Ltd_.pdf,Charging Station Management System
OCA.0016.0309.CSMS,"Autocrypt Co., Ltd.",,Republic of Korea,EVIQ CSMS,Security,v1.0.0,OCPP 1.6,2023-04-13,https://openchargealliance.org/wp-content/uploads/2023/12/Certificate_OCA.0016.0309.CSMS_Autocrypt-Co.Ltd_.pdf,Charging Station Management System
OCA.0201.0016.CSMS,"Autocrypt Co., Ltd.",,Republic of Korea,EVIQ CSMS,Core + S,v2.0.0,OCPP 2.0.1,2024-01-29,https://openchargealliance.org/wp-content/uploads/2024/04/Certificate_OCA.0201.0016.CSMS_Autocrypt.pdf,Charging Station Management System
OCA.0016.1260.CSMS,"BIONEVER CO., LTD",https://openchargealliance.org/participants/bionever-co-ltd/,Republic of Korea,BIONEVER CSMS,Core + S + C,1.0.0,OCPP 1.6,2026-07-02,https://openchargealliance.org/wp-content/uploads/2026/07/Certificate_OCA.0016.1260.CSMS_BIONEVER.pdf,Charging Station Management System
OCA.0016.0978.CSMS,Blokcert Technology Inc.,https://openchargealliance.org/participants/blokcert-technology-inc/,Taiwan,Aktzin EMS,Full + Security,v1.3.24,OCPP 1.6,2025-02-04,https://openchargealliance.org/wp-content/uploads/2025/02/Certificate_OCA.0016.0978.CSMS_Blokcert.pdf,Charging Station Management System
OCA.0016.1159.CSMS - update-2025-12-15,Blue Networks Co. Ltd.,https://openchargealliance.org/participants/blue-networks-co-ltd/,Republic of Korea,BlueCharger CSMS,Core + S + C,20251111-Release,OCPP 1.6,2025-11-27,https://openchargealliance.org/wp-content/uploads/2025/12/Certificate_OCA.0016.1159.CSMS_Blue_Networks-1.pdf,Charging Station Management System
OCA.0016.0292.CSMS,Blue Networks Co. Ltd.,https://openchargealliance.org/participants/blue-networks-co-ltd/,Republic of Korea,Echaeum EVCMS Ver 1.0,Full,ver 01.01.02,OCPP 1.6,2023-02-13,https://openchargealliance.org/wp-content/uploads/2023/12/Certificate_OCA.0016.0292.CSMS_Blue-Networks-Co.Ltd_.pdf,Charging Station Management System
OCA.0016.0163.CSMS,"Botari Energy Co., Ltd.",https://openchargealliance.org/participants/botari-energy-co-ltd/,Republic of Korea,BotariCSMS1.0,Full,1.0.0,OCPP 1.6,2022-06-24,https://openchargealliance.org/wp-content/uploads/2023/12/Certificate_OCA00160163CSMS_BOTARI.pdf,Charging Station Management System
OCA.0016.0164.CSMS,"Botari Energy Co., Ltd.",https://openchargealliance.org/participants/botari-energy-co-ltd/,Republic of Korea,BotariCSMS1.0,Security,1.0.0,OCPP 1.6,2022-06-24,https://openchargealliance.org/wp-content/uploads/2023/12/Certificate_OCA00160164CSMS_BOTARI.pdf,Charging Station Management System
OCA.0016.0423.CSMS,Brite Energy Partners,,Republic of Korea,WATER CSMS,Full,1.0,OCPP 1.6,2023-07-11,https://openchargealliance.org/wp-content/uploads/2023/12/Certificate_OCA.0016.0423.CSMS_Brite-Energy-Partners.pdf,Charging Station Management System
OCA.0016.0424.CSMS,Brite Energy Partners,,Republic of Korea,WATER CSMS,Security,1.0,OCPP 1.6,2023-07-11,https://openchargealliance.org/wp-content/uploads/2023/12/Certificate_OCA.0016.0424.CSMS_Brite-Energy-Partners.pdf,Charging Station Management System
OCA.0201.0084.CSMS,Buzze Inc.,https://openchargealliance.org/participants/buzze-inc/,USA,Buzze,Core,v1.0.0,OCPP 2.0.1,2025-03-11,https://openchargealliance.org/wp-content/uploads/2025/03/Certificate_OCA.0201.0084.CSMS_Buzze.pdf,Charging Station Management System
OCA.0016.0084.CSMS,"CASTPRO CO., LTD",https://openchargealliance.org/participants/castpro/,Republic of Korea,HC-01 CSMS,Full,1.0.0,OCPP 1.6,2022-03-29,https://openchargealliance.org/wp-content/uploads/2023/12/Certificate_OCA00160084CSMS_Castpro-full_1.pdf,Charging Station Management System
OCA.0016.0035.CSMS,"CHAEVI CO.,LTD",https://openchargealliance.org/participants/daeyoung-chaevi/,Republic of Korea,CSMS,Full,1.0.0.1,OCPP 1.6,2021-11-24,https://openchargealliance.org/wp-content/uploads/2023/12/Certificate_OCA00160035CSMS_Daeyoung-Chaevi.pdf,Charging Station Management System
OCA.0016.0036.CSMS,"CHAEVI CO.,LTD",https://openchargealliance.org/participants/daeyoung-chaevi/,Republic of Korea,CSMS,Security,1.0.0.1,OCPP 1.6,2021-11-24,https://openchargealliance.org/wp-content/uploads/2023/12/Certificate_OCA00160036CSMS_Daeyoung-Chaevi.pdf,Charging Station Management System
OCA.0016.0039.CS,"CHAEVI CO.,LTD",https://openchargealliance.org/participants/daeyoung-chaevi/,Republic of Korea,DCV-3FS100P-UC-M,Full,1.0.0.1,OCPP 1.6,2021-11-25,https://openchargealliance.org/wp-content/uploads/2023/12/Certificate_OCA00160039CS_Daeyoung-Chaevi.pdf,Charging Station Management System
OCA.0016.1152.CSMS - update-2025-12-12,ChargeAngels,https://openchargealliance.org/participants/chargeangels/,France,ChargeAngels,Core + C,3.2.4,OCPP 1.6,2025-11-19,https://openchargealliance.org/wp-content/uploads/2025/12/Certificate_OCA.0016.1152.CSMS_ChargeAngels-1.pdf,Charging Station Management System
OCA.0016.0040.CSMS,ChargEV,,Republic of Korea,EVE Platform,Full,1.0.0,OCPP 1.6,2022-01-17,https://openchargealliance.org/wp-content/uploads/2023/12/Certificate_OCA00160040CSMS_ChargEV.pdf,Charging Station Management System
OCA.0016.0070.CSMS,Charzin,,Republic of Korea,Charzin OCPP 1.6 CSMS,Full,1.0.0,OCPP 1.6,2022-03-11,https://openchargealliance.org/wp-content/uploads/2023/12/Certificate_OCA00160070CSMS_Charzin.pdf,Charging Station Management System
OCA.0016.0381.CSMS,"Costel Co., Ltd.",https://openchargealliance.org/participants/costel-co-ltd/,Republic of Korea,Costel EV Manager,Full,EV-CSMS V1.0,OCPP 1.6,2023-05-18,https://openchargealliance.org/wp-content/uploads/2023/12/Certificate_OCA.0016.0381.CSMS_Costel-Co.Ltd_.pdf,Charging Station Management System
OCA.0016.0382.CSMS,"Costel Co., Ltd.",https://openchargealliance.org/participants/costel-co-ltd/,Republic of Korea,Costel EV Manager,Security,EV-CSMS V1.0,OCPP 1.6,2023-05-18,https://openchargealliance.org/wp-content/uploads/2023/12/Certificate_OCA.0016.0382.CSMS_Costel-Co.Ltd_.pdf,Charging Station Management System
OCA.0016.0273.CSMS,Crocus Inc.,https://openchargealliance.org/participants/crocus-inc/,Republic of Korea,CROCUS-EV-CSMS-1.6,Full,CROCUS-EV-CSMS-1.6,OCPP 1.6,2023-03-08,https://openchargealliance.org/wp-content/uploads/2023/12/Certificate_OCA.0016.0273.CSMS_CROCUSINC.pdf,Charging Station Management System
OCA.0016.0274.CSMS,Crocus Inc.,https://openchargealliance.org/participants/crocus-inc/,Republic of Korea,CROCUS-EV-CSMS-1.6,Security,CROCUS-EV-CSMS-1.6,OCPP 1.6,2023-03-08,https://openchargealliance.org/wp-content/uploads/2023/12/Certificate_OCA.0016.0274.CSMS_CROCUSINC.pdf,Charging Station Management System
OCA.0201.0173.CSMS,Crocus Inc.,https://openchargealliance.org/participants/crocus-inc/,Republic of Korea,CROCUS-EV-CSMS-2.0.1,Core + S + C + I,1.0.0,OCPP 2.0.1,2026-07-24,https://openchargealliance.org/wp-content/uploads/2026/07/Certificate_OCA.0201.0173.CSMS_CROCUS.pdf,Charging Station Management System
OCA.0016.0009.CSMS,Current Eco AS,https://openchargealliance.org/participants/current-eco-as/,Norway,CURRENT,Full,1.6J-24012021,OCPP 1.6,2021-01-25,https://openchargealliance.org/wp-content/uploads/2023/12/Certificate_OCA00160009CSMS_Meshcrafts-AS.pdf,Charging Station Management System
OCA.0201.0041.CSMS,Current Eco AS,https://openchargealliance.org/participants/current-eco-as/,Norway,CURRENT,Core + S,Version 2.0.1J-25062024,OCPP 2.0.1,2024-07-23,https://openchargealliance.org/wp-content/uploads/2024/08/Certificate_OCA.0201.0041.CSMS_CURRENT-ECO-AS.pdf,Charging Station Management System
OCA.0016.0116.CSMS,"CUS Co., Ltd.",,Republic of Korea,CUS-CSMS,Full,1.4.8,OCPP 1.6,2022-03-07,https://openchargealliance.org/wp-content/uploads/2023/12/Certificate_OCA00160116CSMS_CUS.pdf,Charging Station Management System
OCA.0016.0146.CSMS,DAVA Inc.,,Republic of Korea,DAcharger,Full,DAcharger v.1,OCPP 1.6,2022-03-25,https://openchargealliance.org/wp-content/uploads/2023/12/Certificate_OCA00160146CSMS_DAVA.pdf,Charging Station Management System
OCA.0016.0147.CSMS,DAVA Inc.,,Republic of Korea,DAcharger,Security,DAcharger v.1,OCPP 1.6,2022-03-25,https://openchargealliance.org/wp-content/uploads/2023/12/Certificate_OCA00160147CSMS_DAVA.pdf,Charging Station Management System
OCA.0016.0520.CSMS,"Delta Electronics, Inc.",https://openchargealliance.org/participants/delta-electronics-b-v/,Taiwan,DeltaGrid EVM Core OCPP1.6 Service,Full,1.5.0,OCPP 1.6,2023-10-20,https://openchargealliance.org/wp-content/uploads/2023/12/Certificate_OCA.0016.0520.CSMS_Delta.pdf,Charging Station Management System
OCA.0016.0521.CSMS,"Delta Electronics, Inc.",https://openchargealliance.org/participants/delta-electronics-b-v/,Taiwan,DeltaGrid EVM Core OCPP1.6 Service,Security,1.5.0,OCPP 1.6,2023-10-20,https://openchargealliance.org/wp-content/uploads/2023/12/Certificate_OCA.0016.0521.CSMS_Delta.pdf,Charging Station Management System
OCA.0016.0567.CSMS,DONG YANG E&P,https://openchargealliance.org/participants/dong-yang-ep/,Republic of Korea,DYENP-EV-CSMS-1.6,Full,DYENP-EV-CSMS-1.6,OCPP 1.6,2023-11-07,https://openchargealliance.org/wp-content/uploads/2024/01/Certificate_OCA.0016.0567.CSMS_Dongyang.pdf,Charging Station Management System
OCA.0016.0568.CSMS,DONG YANG E&P,https://openchargealliance.org/participants/dong-yang-ep/,Republic of Korea,DYENP-EV-CSMS-1.6,Security,DYENP-EV-CSMS-1.6,OCPP 1.6,2023-11-07,https://openchargealliance.org/wp-content/uploads/2024/01/Certificate_OCA.0016.0568.CSMS_Dongyang.pdf,Charging Station Management System
OCA.0016.1022.CSMS,Dongah Elecomm Corp.,https://openchargealliance.org/participants/dongah-elecomm-corporation/,Republic of Korea,Dongah CSMS,Full + Security,1.10,OCPP 1.6,2025-03-12,https://openchargealliance.org/wp-content/uploads/2025/03/Certificate_OCA.0016.1022.CSMS_Dongah.pdf,Charging Station Management System
OCA.0016.0001.CSMS,Driivz Ltd,https://openchargealliance.org/participants/driivz-ltd/,Israel,Driivz Charging Network Management System,Full,5.7,OCPP 1.6,2019-11-25,https://openchargealliance.org/wp-content/uploads/2023/12/Certificate_OCA00160001CSMS_Driivz.pdf,Charging Station Management System
OCA.0201.0001.CSMS,Driivz Ltd,https://openchargealliance.org/participants/driivz-ltd/,Israel,Driivz CSMS Operator Portal,Core + S,7.15.0,OCPP 2.0.1,2023-10-08,https://openchargealliance.org/wp-content/uploads/2023/12/Certificate_OCA.0201.0001.CSMS_Driivz-Ltd.pdf,Charging Station Management System
OCA.0016.1095.CSMS,"DURUSCO.EV Co., Inc.",,Republic of Korea,D.EV-CSMS-UTILITY,Full + Security,v1.0.0,OCPP 1.6,2025-07-31,https://openchargealliance.org/wp-content/uploads/2025/08/Certificate_OCA.0016.1095.CSMS_DURUSCO.pdf,Charging Station Management System
OCA.0016.1108.CSMS,DynaChrg,https://openchargealliance.org/participants/dynachrg/,USA,EVES,Full + Security,v1.2.0,OCPP 1.6,2025-09-15,https://openchargealliance.org/wp-content/uploads/2025/09/Certificate_OCA.0016.1108.CSMS_DynaChrg.pdf,Charging Station Management System
OCA.0201.0149.CSMS,DynaChrg,https://openchargealliance.org/participants/dynachrg/,USA,EVES,Core + S,v1.3.0,OCPP 2.0.1,2026-04-13,https://openchargealliance.org/wp-content/uploads/2026/04/Certificate_OCA.0201.0149.CSMS_Dynacharge.pdf,Charging Station Management System
E&H energy Co. Ltd,E&H energy Co. Ltd,,Republic of Korea,e-Charger,Security,1.0,OCPP 1.6,2024-03-18,https://openchargealliance.org/wp-content/uploads/2024/05/Certificate_OCA.0016.0678.CSMS_EH.pdf,Charging Station Management System
OCA.0016.0677.CSMS,E&H energy Co. Ltd,,Republic of Korea,e-Charger,Full,1.0,OCPP 1.6,2024-03-18,https://openchargealliance.org/wp-content/uploads/2024/05/Certificate_OCA.0016.0677.CSMS_EH.pdf,Charging Station Management System
OCA.0016.0712.CSMS,"e-TESS Co., Ltd.",,Republic of Korea,e-TESS CSMS,Full,v1.0.0,OCPP 1.6,2024-04-02,https://openchargealliance.org/wp-content/uploads/2024/04/Certificate_OCA.0016.0712.CSMS_eTESS.pdf,Charging Station Management System
OCA.0016.0254.CSMS,"E-wave Co., Ltd. (Formerly CS Technology)",,Republic of Korea,CHARGE-Q-CSMS,Full,v1.0.0,OCPP 1.6,2022-12-21,https://openchargealliance.org/wp-content/uploads/2023/12/Certificate_OCA.0016.0254.CSMS_CSTechnology.pdf,Charging Station Management System
OCA.0016.0255.CSMS,"E-wave Co., Ltd. (Formerly CS Technology)",,Republic of Korea,CHARGE-Q-CSMS,Security,V1.0.0,OCPP 1.6,2022-12-21,https://openchargealliance.org/wp-content/uploads/2023/12/Certificate_OCA.0016.0255.CSMS_CSTechnology.pdf,Charging Station Management System
OCA.0016.1171.CSMS,E1,,Republic of Korea,E1 CSMS,Core + S + C,1.0.0,OCPP 1.6,2026-01-16,https://openchargealliance.org/wp-content/uploads/2026/01/Certificate_OCA.0016.1171.CSMS_E1.pdf,Charging Station Management System
OCA.0016.0052.CSMS,Easy Charger,,Republic of Korea,CSMS,Full,1.0.0,OCPP 1.6,2022-02-24,https://openchargealliance.org/wp-content/uploads/2023/12/Certificate_OCA00160052CSMS_Easycharger.pdf,Charging Station Management System
OCA.0016.0053.CSMS,Easy Charger,,Republic of Korea,CSMS,Security,1.0.0,OCPP 1.6,2022-02-24,https://openchargealliance.org/wp-content/uploads/2023/12/Certificate_OCA00160053CSMS_Easycharger.pdf,Charging Station Management System
OCA.0016.0060.CS,EcarPlug,,Republic of Korea,AC/CPT_OCPP,Full,AC/CPT_OCPP,OCPP 1.6,2022-01-25,https://openchargealliance.org/wp-content/uploads/2023/12/Certificate_OCA00160060CS_ecarPlug-Co.Ltd_.pdf,Charging Station Management System
OCA.0016.0058.CSMS,EcarPlug,,Republic of Korea,evRang_mCharger,Full,1.0.0,OCPP 1.6,2022-01-25,https://openchargealliance.org/wp-content/uploads/2023/12/Certificate_OCA00160058CSMS_ecarPlug.pdf,Charging Station Management System
OCA.0016.0059.CSMS,EcarPlug,,Republic of Korea,evRang_mCharger,Security,1.0.0,OCPP 1.6,2022-01-25,https://openchargealliance.org/wp-content/uploads/2023/12/Certificate_OCA00160059CSMS_ecarPlug.pdf,Charging Station Management System
OCA.0016.0771.CSMS,Eigen Digital Pte. Ltd.,,Singapore,Eigen CSMS,Full + Security,1.0,OCPP 1.6,2024-06-26,https://openchargealliance.org/wp-content/uploads/2024/07/Certificate_OCA.0016.0771.CSMS_Eigen.pdf,Charging Station Management System
OCA.0016.0204.CSMS,EL-Electric Co.,https://openchargealliance.org/participants/el-electric-co/,Republic of Korea,EL-CSMS,Full,v0.0.1,OCPP 1.6,2022-10-14,https://openchargealliance.org/wp-content/uploads/2023/12/Certificate_OCA.0016.0204.CSMS_EL-Electric.pdf,Charging Station Management System
OCA.0201.0020.CSMS,EL-Electric Co.,https://openchargealliance.org/participants/el-electric-co/,Republic of Korea,EL-CSMS,Core + S,v1.0.0,OCPP 2.0.1,2024-05-15,https://openchargealliance.org/wp-content/uploads/2024/05/Certificate_OCA.0201.0020.CSMS_EL-Electric.pdf,Charging Station Management System
OCA.0016.0215.CSMS,ELOCITYTECH INC,,Canada,HIEV CSMS,Full,1.3.0,OCPP 1.6,2022-11-17,https://openchargealliance.org/wp-content/uploads/2023/12/Certificate_OCA.0016.0215.CSMS_ELOCITYTECH.pdf,Charging Station Management System
OCA.0016.0336.CSMS,Elvo Technology,https://openchargealliance.org/participants/elvo-technology/,Romania,ELVO,Full,1.5,OCPP 1.6,2023-04-17,https://openchargealliance.org/wp-content/uploads/2023/12/Certificate_OCA.0016.0336.CSMS_ELVO-TECHNOLOGY-SRL.pdf,Charging Station Management System
OCA.0016.1071.CSMS,Elvo Technology,https://openchargealliance.org/participants/elvo-technology/,Romania,Elvo Platform – CSMS,Full + Security,1.6-J,OCPP 1.6,2025-06-19,https://openchargealliance.org/wp-content/uploads/2025/07/Certificate_OCA.0016.1071.CSMS_Elvo.pdf,Charging Station Management System
OCA.0201.0075.CSMS,"eTreego Co., Ltd.",,Taiwan,ETG CSMS,Core,V2.0.1.001,OCPP 2.0.1,2025-03-03,https://openchargealliance.org/wp-content/uploads/2025/03/Certificate_OCA.0201.0075.CSMS_eTreego.pdf,Charging Station Management System
OCA.0201.0055.CSMS,EV Connect,https://openchargealliance.org/participants/ev-connect-inc/,USA,EV Connect Management Platform,Core + S,2024.24.1,OCPP 2.0.1,2024-12-30,https://openchargealliance.org/wp-content/uploads/2025/02/Certificate_OCA.0201.0055.CSMS_EVConnect.pdf,Charging Station Management System
OCA.0016.1112.CSMS,EV DOT ENERGY LTD,,USA,ev.energy,Full + Security,v1.6,OCPP 1.6,2025-10-22,https://openchargealliance.org/wp-content/uploads/2025/11/Certificate_OCA.0016.1112.CSMS_EVEnergy.pdf,Charging Station Management System
OCA.0016.0154.CSMS,"EV-SEP Co., Ltd",,Republic of Korea,PCMS (Power Charger Management System),Full,PCMS V1.20512,OCPP 1.6,2022-06-02,https://openchargealliance.org/wp-content/uploads/2023/12/Certificate_OCA00160154CSMS_EV-SEP.pdf,Charging Station Management System
OCA.0016.0042.CSMS,EVAR,https://openchargealliance.org/participants/evar/,Republic of Korea,CSMS,Full,1.0.0,OCPP 1.6,2022-01-05,https://openchargealliance.org/wp-content/uploads/2023/12/Certificate_OCA00160042CSMS_EVAR.pdf,Charging Station Management System
OCA.0016.0159.CSMS,EVAR,https://openchargealliance.org/participants/evar/,Republic of Korea,CSMS,Security,1.0.0,OCPP 1.6,2022-06-30,https://openchargealliance.org/wp-content/uploads/2023/12/Certificate_OCA00160159CSMS_EVAR.pdf,Charging Station Management System
OCA.0016.0071.CSMS,"Everon CO., Ltd.",https://openchargealliance.org/participants/everon-korea/,Republic of Korea,Everon CSMS,Full,EVCSMS1.0.0,OCPP 1.6,2022-03-11,https://openchargealliance.org/wp-content/uploads/2023/12/Certificate_OCA00160071CSMS_Everon-CO.Ltd_.full_.pdf,Charging Station Management System
OCA.0016.0072.CSMS,"Everon CO., Ltd.",https://openchargealliance.org/participants/everon-korea/,Republic of Korea,Everon CSMS,Security,EVCSMS1.0.0,OCPP 1.6,2022-03-11,https://openchargealliance.org/wp-content/uploads/2023/12/Certificate_OCA00160072CSMS_Everon-CO.Ltd_.security.pdf,Charging Station Management System
OCA.0016.0748.CSMS,EvGateway,,USA,EvGateway EV CSMS,Full,v2.4,OCPP 1.6,2024-05-08,https://openchargealliance.org/wp-content/uploads/2024/05/Certificate_OCA.0016.0748.CSMS_EvGateway.pdf,Charging Station Management System
OCA.0016.0749.CSMS,EvGateway,,USA,EvGateway EV CSMS,Security,v2.4,OCPP 1.6,2024-05-08,https://openchargealliance.org/wp-content/uploads/2024/05/Certificate_OCA.0016.0749.CSMS_EvGateway.pdf,Charging Station Management System
OCA.0201.0160.CSMS,evMega Technology Limited,https://openchargealliance.org/participants/evmega-technology-limited/,Hong Kong,Snapcharge 2.0,Core + S + C + I,v2.0.0,OCPP 2.0.1,2026-06-09,https://openchargealliance.org/wp-content/uploads/2026/06/Certificate_OCA.0201.0160.CSMS_evMega.pdf,Charging Station Management System
OCA.0016.0982.CSMS,"Evmode Korea, Inc.",https://openchargealliance.org/participants/evmode-korea-inc/,Republic of Korea,EVmode CSMS,Full,2.0.0,OCPP 1.6,2025-01-15,https://openchargealliance.org/wp-content/uploads/2025/02/Certificate_OCA.0016.0982.CSMS_EVmode.pdf,Charging Station Management System
OCA.0016.0454.CSMS,Evnest,,Republic of Korea,EVNEST,Full,1.0,OCPP 1.6,2023-08-07,https://openchargealliance.org/wp-content/uploads/2023/12/Certificate_OCA.0016.0454.CSMS_EVNEST.pdf,Charging Station Management System
OCA.0016.0429.CSMS,"EVSIS Co., Ltd.",https://openchargealliance.org/participants/evsis-co-ltd/,Republic of Korea,EVSIS CSMS,Full,evsis_csms_1.0,OCPP 1.6,2023-07-14,https://openchargealliance.org/wp-content/uploads/2023/12/Certificate_OCA.0016.0429.CSMS_EVSIS-Co.Ltd_.pdf,Charging Station Management System
OCA.0016.0430.CSMS,"EVSIS Co., Ltd.",https://openchargealliance.org/participants/evsis-co-ltd/,Republic of Korea,EVSIS CSMS,Security,evsis_csms_1.0,OCPP 1.6,2023-07-14,https://openchargealliance.org/wp-content/uploads/2023/12/Certificate_OCA.0016.0430.CSMS_EVSIS-Co.Ltd_.pdf,Charging Station Management System
OCA.0201.0052.CSMS,"EVSIS Co., Ltd.",https://openchargealliance.org/participants/evsis-co-ltd/,Republic of Korea,EVSIS CSMS,Core + S,evsis_csms_2.0,OCPP 2.0.1,2024-12-10,https://openchargealliance.org/wp-content/uploads/2025/03/Certificate_OCA.0201.0052.CSMS_EVSIS.pdf,Charging Station Management System
OCA.0201.0140.CSMS,"EVSIS Co., Ltd.",https://openchargealliance.org/participants/evsis-co-ltd/,Republic of Korea,EVSIS CSMS,Core + S + C + I,evsis_csms_2.1,OCPP 2.0.1,2026-02-24,https://openchargealliance.org/wp-content/uploads/2026/04/Certificate_OCA.0201.0140.CSMS_EVSIS.pdf,Charging Station Management System
OCA.0016.0201.CSMS,FII USA INC,,USA,CSMS,Full,v1.1.0,OCPP 1.6,2022-09-20,https://openchargealliance.org/wp-content/uploads/2023/12/Certificate_OCA.0016.0201.CSMS_FII-USA-INC.pdf,Charging Station Management System
OCA.0016.0993.CSMS,Fuuse Ltd,https://openchargealliance.org/participants/fuuse/,United Kingdom,Fuuse,Full,c1.6,OCPP 1.6,2025-02-06,https://openchargealliance.org/wp-content/uploads/2025/02/Certificate_OCA.0016.0993.CSMS_Fuuse.pdf,Charging Station Management System
OCA.0201.0072.CSMS,Fuuse Ltd,https://openchargealliance.org/participants/fuuse/,United Kingdom,Fuuse,Core + S,c2.0,OCPP 2.0.1,2025-03-04,https://openchargealliance.org/wp-content/uploads/2025/03/Certificate_OCA.0201.0072.CSMS_Fuuse.pdf,Charging Station Management System
OCA.0016.0049.CSMS,G-CONNECT,,Republic of Korea,GCharger,Full,1.0,OCPP 1.6,2022-02-18,https://openchargealliance.org/wp-content/uploads/2023/12/Certificate_OCA00160049CSMS_G-CONNECT.pdf,Charging Station Management System
OCA.0016.0050.CSMS,G-CONNECT,,Republic of Korea,GCharger,Security,1.0,OCPP 1.6,2022-02-18,https://openchargealliance.org/wp-content/uploads/2023/12/Certificate_OCA00160050CSMS_G-CONNECT.pdf,Charging Station Management System
OCA.0016.1210.CSMS,GAIAS,https://openchargealliance.org/participants/gaias/,Republic of Korea,GAIAS CSMS,Core + S + C,OCPP-1.6,OCPP 1.6,2026-03-24,https://openchargealliance.org/wp-content/uploads/2026/04/Certificate_OCA.0016.1210.CSMS_GAIAS.pdf,Charging Station Management System
OCA.0016.1200.CSMS,GENERAL SECURITY SRL,https://openchargealliance.org/participants/general-security-srl/,Romania,Ampevo Charge CSMS,Core + S + C,1.0.0,OCPP 1.6,2026-02-13,https://openchargealliance.org/wp-content/uploads/2026/02/Certificate_OCA.0016.1200.CSMS_GS.pdf,Charging Station Management System
OCA.0016.0986.CSMS,GNRGY LTD,https://openchargealliance.org/participants/gnrgy-ltd/,Israel,Gnrgy Vega,Full,v1.7.0,OCPP 1.6,2024-12-12,https://openchargealliance.org/wp-content/uploads/2025/02/Certificate_OCA.0016.0986.GNRGY_.pdf,Charging Station Management System
OCA.0016.0837.CSMS,Green Power,,Republic of Korea,Green Power CSMS,Full,1.0.0,OCPP 1.6,2024-08-30,https://openchargealliance.org/wp-content/uploads/2024/09/Certificate_OCA.0016.0837.CSMS_GreenPower.pdf,Charging Station Management System
OCA.0201.0042.CSMS,Green Power,,Republic of Korea,Green Power CSMS,Core + S,1.0.0,OCPP 2.0.1,2024-07-30,https://openchargealliance.org/wp-content/uploads/2024/09/Certificate_OCA.0201.0042.CSMS_GreenPower.pdf,Charging Station Management System
OCA.0201.0032.CSMS,GreenFlux Assets B.V.,https://openchargealliance.org/participants/greenflux-assets-b-v/,The Netherlands,GreenFlux EV Platform,Core + S,1.0.0,OCPP 2.0.1,2024-07-22,https://openchargealliance.org/wp-content/uploads/2024/08/Certificate_OCA.0201.0032.CSMS_GreenFlux.pdf,Charging Station Management System
OCA.0016.0002.CSMS,Greenlots,https://openchargealliance.org/participants/shell-global-solutions-deutschland-gmbh/,USA,Electric Vehicle Charging Networks,Full,03.76.20,OCPP 1.6,2019-11-25,https://openchargealliance.org/wp-content/uploads/2023/12/Certificate_OCA00160002CSMS_Greenlots.pdf,Charging Station Management System
OCA.0016.0054.CSMS,Gridwiz Inc.,https://openchargealliance.org/participants/gridwiz-inc/,Republic of Korea,Gridwiz CSMS,Full,1.1.0,OCPP 1.6,2022-02-24,https://openchargealliance.org/wp-content/uploads/2023/12/Certificate_OCA00160054CSMS_Gridwiz.pdf,Charging Station Management System
OCA.0016.0055.CSMS,Gridwiz Inc.,https://openchargealliance.org/participants/gridwiz-inc/,Republic of Korea,Gridwiz CSMS,Security,1.1.0,OCPP 1.6,2022-02-24,https://openchargealliance.org/wp-content/uploads/2023/12/Certificate_OCA00160055CSMS_Gridwiz.pdf,Charging Station Management System
OCA.0016.0588.CSMS,GS Caltex Corporation,,Republic of Korea,GS Caltex CSMS,Full,GSCaltex_CSMS_v1.0,OCPP 1.6,2023-12-20,https://openchargealliance.org/wp-content/uploads/2024/01/Certificate_OCA.0016.0588.CSMS_GS-Caltex.pdf,Charging Station Management System
OCA.0016.0211.CSMS,Halo Energy Limited,https://openchargealliance.org/participants/halo-energy-limited/,Hong Kong,E+Panel,Full,4.0,OCPP 1.6,2022-11-09,https://openchargealliance.org/wp-content/uploads/2023/12/Certificate_OCA.0016.0211.CSMS_Halo_Energy_Limited.pdf,Charging Station Management System
OCA.0016.0608.CSMS,HANMAUM,,Republic of Korea,CSMS,Full,1.6,OCPP 1.6,2024-01-18,https://openchargealliance.org/wp-content/uploads/2024/02/Certificate_OCA.0016.0608.CSMS_HANMAUM.pdf,Charging Station Management System
OCA.0016.1236.CSMS,"HANSOL MS Co., Ltd",https://openchargealliance.org/participants/hansol-ms-co-ltd/,Republic of Korea,HS-CSMS,Core + S + C,1.0.1,OCPP 1.6,2026-05-11,https://openchargealliance.org/wp-content/uploads/2026/05/Certificate_OCA.0016.1236.CSMS_HANSOLMS.pdf,Charging Station Management System
OCA.0016.0095.CSMS,Hanwha Solutions Corporation,,Republic of Korea,HanwhaMotiev CSMS 1.0,Full,1.0.0,OCPP 1.6,2022-04-13,https://openchargealliance.org/wp-content/uploads/2023/12/Certificate_OCA00160095CSMS_Hanwha.pdf,Charging Station Management System
OCA.0016.0096.CSMS,Hanwha Solutions Corporation,,Republic of Korea,HanwhaMotiev CSMS 1.0,Security,1.0.0,OCPP 1.6,2022-04-13,https://openchargealliance.org/wp-content/uploads/2023/12/Certificate_OCA00160096CSMS_Hanwha.pdf,Charging Station Management System
OCA.0016.0357.CSMS,HKD Green Tech UG,,Germany,EM-CSMS,Full,1.1.0,OCPP 1.6,2023-05-22,https://openchargealliance.org/wp-content/uploads/2023/12/Certificate_OCA.0016.0357.CSMS_HKD-Green-Tech-UG.pdf,Charging Station Management System
OCA.0016.0358.CSMS,HKD Green Tech UG,,Germany,EM-CSMS,Security,1.1.0,OCPP 1.6,2023-05-22,https://openchargealliance.org/wp-content/uploads/2023/12/Certificate_OCA.0016.0358.CSMS_HKD-Green-Tech-UG.pdf,Charging Station Management System
OCA.0016.0067.CSMS,HUMAX EV,https://openchargealliance.org/participants/humax-ev/,Republic of Korea,Humax Charger,Full,1.0.0,OCPP 1.6,2022-03-14,https://openchargealliance.org/wp-content/uploads/2023/12/Certificate_OCA00160067CSMS_HUMAX-EV-full.pdf,Charging Station Management System
OCA.0016.0068.CSMS,HUMAX EV,https://openchargealliance.org/participants/humax-ev/,Republic of Korea,Humax Charger,Security,1.0.0,OCPP 1.6,2022-03-14,https://openchargealliance.org/wp-content/uploads/2023/12/Certificate_OCA00160068CSMS_HUMAX-EV-security_1.pdf,Charging Station Management System
OCA.0016.1031.CSMS,Hyundai Autoever,,Republic of Korea,PLUG MATE CSMS,Full + Security,1.0.0,OCPP 1.6,2025-04-02,https://openchargealliance.org/wp-content/uploads/2025/04/Certificate_OCA.0016.1031.CSMS_Hyundai_Autoever.pdf,Charging Station Management System
OCA.0016.0514.CSMS,Hyundai Kefico,https://openchargealliance.org/participants/hyundai-kefico/,Republic of Korea,BLUE PLUG CSMS,Full,v1.0.0,OCPP 1.6,2023-10-18,https://openchargealliance.org/wp-content/uploads/2024/01/Certificate_OCA.0016.0514.CSMS_Hyundai-Kefico.pdf,Charging Station Management System
OCA.0016.0515.CSMS,Hyundai Kefico,https://openchargealliance.org/participants/hyundai-kefico/,Republic of Korea,BLUE PLUG CSMS,Security,v1.0.0,OCPP 1.6,2023-10-18,https://openchargealliance.org/wp-content/uploads/2023/12/Certificate_OCA.0016.0515.CSMS_Hyundai-Kefico.pdf,Charging Station Management System
OCA.0016.0082.CSMS,Hyundai Motor Company,,Republic of Korea,E-CSP CPOS (EV - Charging Service Platform Charge Point Operation System),Full,1.0.0,OCPP 1.6,2022-03-25,https://openchargealliance.org/wp-content/uploads/2023/12/Certificate_OCA00160082CSMS_Hyundai.pdf,Charging Station Management System
OCA.0016.0083.CSMS,Hyundai Motor Company,,Republic of Korea,E-CSP CPOS (EV - Charging Service Platform Charge Point Operation System),Security,1.0.0,OCPP 1.6,2022-03-25,https://openchargealliance.org/wp-content/uploads/2023/12/Certificate_OCA00160083CSMS_Hyundai.pdf,Charging Station Management System
OCA.0016.0232.CSMS,I-Charge Solutions International Co. Ltd.,https://openchargealliance.org/participants/i-charge-solutions-international-co-ltd/,Hong Kong,I-Charge Solutions Charging Stations Management System,Full,1.5.0,OCPP 1.6,2022-11-30,https://openchargealliance.org/wp-content/uploads/2023/12/Certificate_OCA.0016.0232.CSMS_IChargeSolutions.pdf,Charging Station Management System
OCA.0016.0233.CSMS,I-Charge Solutions International Co. Ltd.,https://openchargealliance.org/participants/i-charge-solutions-international-co-ltd/,Hong Kong,I-Charge Solutions Charging Stations Management System,Security,1.5.0,OCPP 1.6,2022-11-30,https://openchargealliance.org/wp-content/uploads/2023/12/Certificate_OCA.0016.0233.CSMS_IChargeSolutions.pdf,Charging Station Management System
OCA.0201.0015.CSMS,I-Charge Solutions International Co. Ltd.,https://openchargealliance.org/participants/i-charge-solutions-international-co-ltd/,Hong Kong,ICS CSMS20,Core + S,1.0,OCPP 2.0.1,2024-01-18,https://openchargealliance.org/wp-content/uploads/2024/01/Certificate_OCA.0201.0015.CSMS_I-Charge.pdf,Charging Station Management System
OCA.0016.0451.CSMS,I-ON Communications,,Republic of Korea,I-ON CSMS,Full,1.0.3,OCPP 1.6,2023-08-17,,Charging Station Management System
OCA.0016.0452.CSMS,I-ON Communications,,Republic of Korea,I-ON CSMS,Security,1.0.3,OCPP 1.6,2023-08-17,,Charging Station Management System
OCA.0016.0281.CSMS,iMarketKorea Inc.,,Republic of Korea,IMK EV Charging Management System,Full,v1.0.0,OCPP 1.6,2023-02-09,https://openchargealliance.org/wp-content/uploads/2023/12/Certificate_OCA.0016.0281.CSMS_iMarketKorea-Inc.pdf,Charging Station Management System
OCA.0016.0282.CSMS,iMarketKorea Inc.,,Republic of Korea,IMK EV Charging Management System,Security,v1.0.0,OCPP 1.6,2023-02-09,https://openchargealliance.org/wp-content/uploads/2023/12/Certificate_OCA.0016.0282.CSMS_iMarketKorea-Inc.pdf,Charging Station Management System
OCA.0016.0027.CSMS,Impactware Technology Solutions Pvt. Ltd.,,India,goEgoNetwork CSMS,Full,v1.1.0,OCPP 1.6,2021-09-27,https://openchargealliance.org/wp-content/uploads/2023/12/Certificate_OCA00160027CSMS_Impactware-TS.pdf,Charging Station Management System
OCA.0016.0974.CSMS,InCharge Energy,,USA,ICE,Full + Security,4,OCPP 1.6,2025-03-03,https://openchargealliance.org/wp-content/uploads/2025/03/Certificate_OCA.0016.0974.CSMS_InCharge.pdf,Charging Station Management System
OCA.0201.0085.CSMS,InCharge Energy,,USA,ICE,Core + S,4,OCPP 2.0.1,2025-03-11,https://openchargealliance.org/wp-content/uploads/2025/03/Certificate_OCA.0201.0085.CSMS_InCharge_Energy.pdf,Charging Station Management System
OCA.0016.1201.CSMS,Incheon International Airport Corporation,,Republic of Korea,IIAC CSMS 1.6,Core + C,1.6.01,OCPP 1.6,2026-02-27,https://openchargealliance.org/wp-content/uploads/2026/03/Certificate_OCA.0016.1201.CSMS_Incheon_IA.pdf,Charging Station Management System
OCA.0016.0553.CSMS,Inpply Inc.,,Republic of Korea,iEV CSMS,Full,1.0.0,OCPP 1.6,2023-10-27,https://openchargealliance.org/wp-content/uploads/2023/12/Certificate_OCA.0016.0553.CSMS_Inpply.pdf,Charging Station Management System
OCA.0016.0554.CSMS,Inpply Inc.,,Republic of Korea,iEV CSMS,Security,1.0.0,OCPP 1.6,2023-10-27,https://openchargealliance.org/wp-content/uploads/2023/12/Certificate_OCA.0016.0554.CSMS_Innply.pdf,Charging Station Management System
OCA.0016.0356.CSMS,Inscobee Inc.,,Republic of Korea,INS_OCPP1.6J_ServerModule,Full,v1.0.5,OCPP 1.6,2023-06-14,https://openchargealliance.org/wp-content/uploads/2023/12/Certificate_OCA.0016.0356.CSMS_INSCOBEE.pdf,Charging Station Management System
OCA.0201.0124.CSMS,Instituto Tecnológico de la Energía,https://openchargealliance.org/participants/instituto-tecnologico-de-la-energia-ite/,Spain,HysGrid+ OCPPJ 2.0.1 Server,Core + S + L + C + D + R + U + I,1.0.2.0,OCPP 2.0.1,2025-11-19,https://openchargealliance.org/wp-content/uploads/2025/12/Certificate_OCA.0201.0124.CSMS_ITE.pdf,Charging Station Management System
OCA.0016.0013.CSMS,Instituto Tecnológico de la Energía (ITE),https://openchargealliance.org/participants/instituto-tecnologico-de-la-energia-ite/,Spain,HySGrid,Full,OCPPJ 1.6 Server v1.0.0,OCPP 1.6,2021-06-28,https://openchargealliance.org/wp-content/uploads/2023/12/Certificate_OCA00160013CSMS_ITE.pdf,Charging Station Management System
OCA.0201.0004.CSMS,Instituto Tecnológico de la Energía (ITE),https://openchargealliance.org/participants/instituto-tecnologico-de-la-energia-ite/,Spain,HysGrid+ OCPPJ 2.0.1 Server,Core + S,1.0.0.0,OCPP 2.0.1,2023-11-13,https://openchargealliance.org/wp-content/uploads/2023/12/Certificate_OCA.0201.0004.CSMS_ITE.pdf,Charging Station Management System
OCA.0016.0091.CSMS,"Jeju Electric Vehicle Service Co., Ltd.",,Republic of Korea,Joy EV CSMS,Full,1.0.0,OCPP 1.6,2022-04-11,https://openchargealliance.org/wp-content/uploads/2023/12/Certificate_OCA00160091CSMS_Jeju.docx.pdf,Charging Station Management System
OCA.0016.0092.CSMS,"Jeju Electric Vehicle Service Co., Ltd.",,Republic of Korea,Joy EV CSMS,Security,1.0.0,OCPP 1.6,2022-04-11,https://openchargealliance.org/wp-content/uploads/2023/12/Certificate_OCA00160092CSMS_Jeju.pdf,Charging Station Management System
OCA.0016.0134.CSMS,"JoongAng Control Co., Ltd",https://openchargealliance.org/participants/evsis-co-ltd/,Republic of Korea,JAC Cloud CSMS,Full,v1.0.0,OCPP 1.6,2022-05-09,https://openchargealliance.org/wp-content/uploads/2023/12/Certificate_OCA00160134CSMS_JoongAng.pdf,Charging Station Management System
OCA.0016.0135.CSMS,"JoongAng Control Co., Ltd",https://openchargealliance.org/participants/evsis-co-ltd/,Republic of Korea,JAC Cloud CSMS,Security,v1.0.0,OCPP 1.6,2022-05-09,https://openchargealliance.org/wp-content/uploads/2023/12/Certificate_OCA00160135CSMS_JoongAng.pdf,Charging Station Management System
OCA.0201.0093.CSMS,"JUBIX CO., LTD.",,Republic of Korea,ChargePot V,Core,2.0.1,OCPP 2.0.1,2025-05-27,https://openchargealliance.org/wp-content/uploads/2025/06/Certificate_OCA.0201.0093.CSMS_JUBIX.pdf,Charging Station Management System
OCA.0016.0596.CSMS,Kazam EV Tech Pvt. Ltd.,https://openchargealliance.org/participants/kazam-ev-tech-pvt-ltd/,India,Kazam CMS,Full,3.1.20,OCPP 1.6,2023-12-14,https://openchargealliance.org/wp-content/uploads/2024/01/Certificate_OCA.0016.0596.CSMS_Kazam.pdf,Charging Station Management System
OCA.0016.0597.CSMS,Kazam EV Tech Pvt. Ltd.,https://openchargealliance.org/participants/kazam-ev-tech-pvt-ltd/,India,Kazam CMS,Security,3.1.20,OCPP 1.6,2023-12-14,https://openchargealliance.org/wp-content/uploads/2024/01/Certificate_OCA.0016.0597.CSMS_Kazam.pdf,Charging Station Management System
OCA.0016.0275.CSMS,KEPCO KDN,,Republic of Korea,KDN-CSMS,Full,1.0,OCPP 1.6,2023-02-14,https://openchargealliance.org/wp-content/uploads/2023/12/Certificate_OCA.0016.0275.CSMS_KEPCO-KDN.pdf,Charging Station Management System
OCA.0201.0117.CSMS,KEPCO KDN,,Republic of Korea,KEPCO KDN CSMS,Core,1.0.0,OCPP 2.0.1,2025-09-12,https://openchargealliance.org/wp-content/uploads/2025/10/Certificate_OCA.0201.0117.CSMS_KEPCO.pdf,Charging Station Management System
OCA.0016.0007.CSMS,KEVIT,https://openchargealliance.org/participants/kevit/,Republic of Korea,KEVIT CSMS 1.6,Full,1.1.0,OCPP 1.6,2020-07-14,https://openchargealliance.org/wp-content/uploads/2023/12/Certificate_OCA00160007CSMS_KEVIT_1.pdf,Charging Station Management System
OCA.0016.0017.CSMS,KEVIT,https://openchargealliance.org/participants/kevit/,Republic of Korea,KEVIT CSMS 1.6,Full,1.6.3,OCPP 1.6,2021-08-20,https://openchargealliance.org/wp-content/uploads/2023/12/Certificate_OCA00160017CSMS_KEVIT.pdf,Charging Station Management System
OCA.0016.0018.CSMS,KEVIT,https://openchargealliance.org/participants/kevit/,Republic of Korea,KEVIT CSMS 1.6,Security,1.6.3,OCPP 1.6,2021-08-20,https://openchargealliance.org/wp-content/uploads/2023/12/Certificate_OCA00160018CSMS_KEVIT.pdf,Charging Station Management System
OCA.0201.0007.CSMS,KEVIT,https://openchargealliance.org/participants/kevit/,Republic of Korea,KEVIT CSMS 2.0,Core + S,2.0.10,OCPP 2.0.1,2023-10-16,https://openchargealliance.org/wp-content/uploads/2023/12/Certificate_OCA.0201.0007.CSMS_KEVIT.pdf,Charging Station Management System
OCA.0201.0031.CSMS,KEVIT,https://openchargealliance.org/participants/kevit/,Republic of Korea,KEVIT CSMS 2.0,Core + S + L + C + D + R + U + I,2.0.11,OCPP 2.0.1,2025-04-08,https://openchargealliance.org/wp-content/uploads/2025/05/Certificate_OCA.0201.0031.CSMS_KEVIT.pdf,Charging Station Management System
OCA.0201.0023.CSMS,"Klinelex Co., Ltd",,Republic of Korea,Klinelex CSMS,Core + S,1.0.0,OCPP 2.0.1,2024-05-16,https://openchargealliance.org/wp-content/uploads/2024/05/Certificate_OCA.0201.0023.CSMS_Klinelex.pdf,Charging Station Management System
OCA.0016.0037.CSMS,"Klinelex Co., Ltd",,Republic of Korea,Klinelex K-charger,Full,1.0,OCPP 1.6,2021-11-30,https://openchargealliance.org/wp-content/uploads/2023/12/Certificate_OCA00160037CSMS_Klinelex.pdf,Charging Station Management System
OCA.0016.0038.CSMS,"Klinelex Co., Ltd",,Republic of Korea,Klinelex K-charger,Security,1.0,OCPP 1.6,2021-11-30,https://openchargealliance.org/wp-content/uploads/2023/12/Certificate_OCA00160038CSMS_Klinelex_1.pdf,Charging Station Management System
OCA.0016.0099.CSMS,"Koolsign Co., Ltd",https://openchargealliance.org/participants/koolsign-co-ltd/,Republic of Korea,Kool Charge Cloud,Full,1.0,OCPP 1.6,2022-04-01,https://openchargealliance.org/wp-content/uploads/2023/12/Certificate_OCA00160099CSMS_Koolsign.pdf,Charging Station Management System
OCA.0016.0100.CSMS,"Koolsign Co., Ltd",https://openchargealliance.org/participants/koolsign-co-ltd/,Republic of Korea,Kool Charge Cloud,Security,1.0,OCPP 1.6,2022-04-01,https://openchargealliance.org/wp-content/uploads/2023/12/Certificate_OCA00160100CSMS_Koolsign.pdf,Charging Station Management System
OCA.0016.0118.CSMS,"Korea Electric Vehicle Solutions.Co., Ltd",,Republic of Korea,KEVS CSMS,Full,1.0.0,OCPP 1.6,2022-04-26,https://openchargealliance.org/wp-content/uploads/2023/12/Certificate_OCA00160118CSMS_KEVS.pdf,Charging Station Management System
OCA.0016.0073.CSMS,Korea Electrotechnology Research Institute (KERI),,Republic of Korea,KCSMS-001,Full,v1.0,OCPP 1.6,2022-02-17,https://openchargealliance.org/wp-content/uploads/2023/12/Certificate_OCA.0016.0073.CSMS_KERI-KCSMS-001.pdf,Charging Station Management System
OCA.0016.0899.CSMS,Korea Environment Corporation,,Republic of Korea,KECO CSMS 1.6,Full,1.6.01,OCPP 1.6,2024-09-24,https://openchargealliance.org/wp-content/uploads/2024/11/Certificate_OCA.0016.0899.CSMS_KECO.pdf,Charging Station Management System
OCA.0016.0023.CSMS,Korea Land & Housing Corporation,,Republic of Korea,LH CSMS 1.6,Full,v1.6,OCPP 1.6,2021-09-14,https://openchargealliance.org/wp-content/uploads/2023/12/Certificate_OCA00160023CSMS_LH.pdf,Charging Station Management System
OCA.0016.0024.CSMS,Korea Land & Housing Corporation,,Republic of Korea,LH CSMS 1.6,Security,v1.6,OCPP 1.6,2021-09-14,https://openchargealliance.org/wp-content/uploads/2023/12/Certificate_OCA00160024CSMS_LH.pdf,Charging Station Management System
OCA.0016.0109.CSMS,LG Electronics,,Republic of Korea,e-Centric,Full,1.0,OCPP 1.6,2022-04-18,https://openchargealliance.org/wp-content/uploads/2023/12/Certificate_OCA.0016.0109.CSMS_LGElectronics.pdf,Charging Station Management System
OCA.0016.0110.CSMS,LG Electronics,,Republic of Korea,e-Centric,Security,1.0,OCPP 1.6,2022-04-18,https://openchargealliance.org/wp-content/uploads/2023/12/Certificate_OCA.0016.0110.CSMS_LGElectronics.pdf,Charging Station Management System
OCA.0016.0087.CSMS,LG HelloVision,,Republic of Korea,LG HelloPlugin,Full,1.0,OCPP 1.6,2022-03-30,https://openchargealliance.org/wp-content/uploads/2023/12/Certificate_OCA00160087CSMS_LG-HelloVision.pdf,Charging Station Management System
OCA.0016.0088.CSMS,LG HelloVision,,Republic of Korea,LG HelloPlugin,Security,1.0,OCPP 1.6,2022-03-30,https://openchargealliance.org/wp-content/uploads/2023/12/Certificate_OCA00160088CSMS_LG-HelloVision.pdf,Charging Station Management System
OCA.0016.0411.CSMS,LG Uplus,,Republic of Korea,Volt Up,Full,1.0,OCPP 1.6,2023-07-18,https://openchargealliance.org/wp-content/uploads/2023/12/Certificate_OCA.0016.0411.CSMS_LG-Uplus.pdf,Charging Station Management System
OCA.0016.0412.CSMS,LG Uplus,,Republic of Korea,Volt Up,Security,1.0,OCPP 1.6,2023-07-18,https://openchargealliance.org/wp-content/uploads/2023/12/Certificate_OCA.0016.0412.CSMS_LG-Uplus.pdf,Charging Station Management System
OCA.0016.0911.CSMS,LG Uplus VoltUp Corp.,,Republic of Korea,VoltUp CSMS,Full + Security,2.0.0,OCPP 1.6,2024-09-25,https://openchargealliance.org/wp-content/uploads/2024/11/Certificate_OCA.0016.0911.CSMS_LG_Uplus_VoltUp_corp.pdf,Charging Station Management System
OCA.0016.0572.CSMS,"Lineworld Co.,Ltd.",,Republic of Korea,LW-CSMS,Full,1.00.00,OCPP 1.6,2023-11-24,https://openchargealliance.org/wp-content/uploads/2024/01/Certificate_OCA.0016.0572.CSMS_Lineworld.pdf,Charging Station Management System
OCA.0016.0573.CSMS,"Lineworld Co.,Ltd.",,Republic of Korea,LW-CSMS,Security,1.00.00,OCPP 1.6,2023-11-24,https://openchargealliance.org/wp-content/uploads/2024/01/Certificate_OCA.0016.0573.CSMS_Lineworld.pdf,Charging Station Management System
OCA.0016.0549.CSMS,LITE-ON SINGAPORE Pte. Ltd.,https://openchargealliance.org/participants/lite-on-technology-corporation/,Singapore,Liteon CSMS,Full,1.2,OCPP 1.6,2023-10-23,https://openchargealliance.org/wp-content/uploads/2023/12/Certificate_OCA.0016.0549.CSMS_LiteOn.pdf,Charging Station Management System
OCA.0016.0550.CSMS,LITE-ON SINGAPORE Pte. Ltd.,https://openchargealliance.org/participants/lite-on-technology-corporation/,Singapore,Liteon CSMS,Security,1.2,OCPP 1.6,2023-10-23,https://openchargealliance.org/wp-content/uploads/2023/12/Certificate_OCA.0016.0550.CSMS_LiteOn.pdf,Charging Station Management System
OCA.0201.0135.CSMS,LITE-ON SINGAPORE Pte. Ltd.,https://openchargealliance.org/participants/lite-on-technology-corporation/,Singapore,One EMS,Core + C + I,2.1,OCPP 2.0.1,2026-01-23,https://openchargealliance.org/wp-content/uploads/2026/02/Certificate_OCA.0201.0135.CSMS_Liteon.pdf,Charging Station Management System
OCA.0016.0323.CSMS,"LS E-Link Co.,Ltd",,Republic of Korea,ELVIS,Full,1.0.0,OCPP 1.6,2023-04-11,https://openchargealliance.org/wp-content/uploads/2023/12/Certificate_OCA.0016.0323.CSMS_LS-E-Link-Co.Ltd_.pdf,Charging Station Management System
OCA.0016.0324.CSMS,"LS E-Link Co.,Ltd",,Republic of Korea,ELVIS,Security,1.0.0,OCPP 1.6,2023-04-11,https://openchargealliance.org/wp-content/uploads/2023/12/Certificate_OCA.0016.0324.CSMS_LS-E-Link-Co.Ltd_.pdf,Charging Station Management System
OCA.0016.0850.CSMS,"LUOYANG GRASEN POWER TECHNOLOGY CO., LTD.",https://openchargealliance.org/participants/luoyang-grasen-power-technology-co-ltd/,China,GRASEN CSMS,Full + Security,v1.0.0,OCPP 1.6,2024-09-11,https://openchargealliance.org/wp-content/uploads/2024/10/Certificate_OCA.0016.0850.CSMS_Grasen.pdf,Charging Station Management System
OCA.0016.0687.CSMS,Lynkwell,https://openchargealliance.org/participants/evredi-inc-dba-lynkwell/,USA,Lynkwell Energy Platform,Full,1.140.2,OCPP 1.6,2024-04-18,https://openchargealliance.org/wp-content/uploads/2024/05/Certificate_OCA.0016.0687.CSMS_Lynkwell.pdf,Charging Station Management System
OCA.0201.0038.CSMS,Lynkwell,https://openchargealliance.org/participants/evredi-inc-dba-lynkwell/,USA,Lynkwell Energy Platform,Core,1.159.0,OCPP 2.0.1,2024-07-03,https://openchargealliance.org/wp-content/uploads/2024/07/Certificate_OCA.0201.0038.CSMS_Lynkwell.pdf,Charging Station Management System
OCA.0201.0021.CSMS,ManageOn,,Republic of Korea,EVFLEX,Core + S,1.0.0,OCPP 2.0.1,2024-04-15,https://openchargealliance.org/wp-content/uploads/2024/05/Certificate_OCA.0201.0021.CSMS_ManageOn.pdf,Charging Station Management System
OCA.0016.0066.CSMS,ManageOn,,Republic of Korea,MON-CSMS-V10,Full,v1.0,OCPP 1.6,2022-03-11,https://openchargealliance.org/wp-content/uploads/2023/12/Certificate_OCA00160066CSMS_ManageOn.pdf,Charging Station Management System
OCA.0016.0637.CSMS,"MIRAE C&L CO.,LTD.",,Republic of Korea,MCNL-CSMS-001,Full,V1.0,OCPP 1.6,2024-02-29,https://openchargealliance.org/wp-content/uploads/2024/03/Certificate_OCA.0016.0637.CSMS_MIRAE.pdf,Charging Station Management System
OCA.0016.0638.CSMS,"MIRAE C&L CO.,LTD.",,Republic of Korea,MCNL-CSMS-001,Security,V1.0,OCPP 1.6,2024-02-29,https://openchargealliance.org/wp-content/uploads/2024/03/Certificate_OCA.0016.0638.CSMS_MIRAE.pdf,Charging Station Management System
OCA.0016.0997.CSMS,Mirae-SD,,Republic of Korea,MIRAECSMS,Full + Security,1.0.0,OCPP 1.6,2025-02-06,https://openchargealliance.org/wp-content/uploads/2025/05/Certificate_OCA.0016.0997.CSMS_MIRAE.pdf,Charging Station Management System
OCA.0016.0346.CSMS,Moderntec,,Republic of Korea,MOG Server v1.0,Full,1.0.0,OCPP 1.6,2023-03-30,https://openchargealliance.org/wp-content/uploads/2023/12/Certificate_OCA.0016.0346.CSMS_MODERNTEC-Co.Ltd_.pdf,Charging Station Management System
OCA.0016.0347.CSMS,Moderntec,,Republic of Korea,MOG Server v1.0,Security,1.0.0,OCPP 1.6,2023-03-30,https://openchargealliance.org/wp-content/uploads/2023/12/Certificate_OCA.0016.0347.CSMS_MODERNTEC-Co.Ltd_.pdf,Charging Station Management System
OCA.0016.1228.CSMS,Motrex EV,https://openchargealliance.org/participants/motrex-ev/,Republic of Korea,Greenity,Core + S + C,v1.0,OCPP 1.6,2026-04-17,https://openchargealliance.org/wp-content/uploads/2026/04/Certificate_OCA.0016.1228.CSMS_Motrex.pdf,Charging Station Management System
OCA.0016.0090.CSMS,NamBoo Solution,,Republic of Korea,Namboo EV Charging Management System,Full,NB_Ocpp_CSMS v1.0,OCPP 1.6,2022-04-08,https://openchargealliance.org/wp-content/uploads/2023/12/Certificate_OCA00160090CSMS_Namboo-Solution.pdf,Charging Station Management System
OCA.0016.0076.CSMS,NEC Corporation,,Japan,N-CSMS16,Full,v1.0.0,OCPP 1.6,2022-03-17,https://openchargealliance.org/wp-content/uploads/2023/12/Certificate_OCA00160076CSMS_NEC-Corporation.pdf,Charging Station Management System
OCA.0016.0077.CSMS,NEC Corporation,,Japan,N-CSMS16,Security,v1.0.0,OCPP 1.6,2022-03-17,https://openchargealliance.org/wp-content/uploads/2023/12/Certificate_OCA00160077CSMS_NEC.pdf,Charging Station Management System
OCA.0201.0087.CSMS,NEC Corporation,,Japan,N-CSMS20,Core + S,v1,OCPP 2.0.1,2025-05-12,https://openchargealliance.org/wp-content/uploads/2025/05/Certificate_OCA.0201.0087.CSMS_NEC.pdf,Charging Station Management System
W01.OCA.0016.1071.CSMS,NEXT GENERATION TECHNOLOGIES SRL,https://openchargealliance.org/participants/next-generation-technologies-srl/,Romania,NGT Charge Platform-CSMS,Full + Security,1.6-J,OCPP 1.6,2026-02-27,https://openchargealliance.org/wp-content/uploads/2026/03/W01.OCA_.0016.1071.CSMS-NGT_signed.pdf,Charging Station Management System
OCA.0016.0584.CSMS,Nexthing,,Republic of Korea,NCSMS,Full,1.6,OCPP 1.6,2023-12-08,https://openchargealliance.org/wp-content/uploads/2024/01/Certificate_OCA.0016.0584.CSMS_Nexthing.pdf,Charging Station Management System
OCA.0016.0078.CSMS,"Nice TCM Co., Ltd.",https://openchargealliance.org/participants/nice-tcm-co-ltd/,Republic of Korea,NICE Charger CSMS,Full,1.0.0,OCPP 1.6,2022-03-28,https://openchargealliance.org/wp-content/uploads/2023/12/Certificate_OCA.0016.0078.CSMS_NICE-TCM-full.pdf,Charging Station Management System
OCA.0016.0079.CSMS,"Nice TCM Co., Ltd.",https://openchargealliance.org/participants/nice-tcm-co-ltd/,Republic of Korea,NICE Charger CSMS,Security,1.0.0,OCPP 1.6,2022-03-28,https://openchargealliance.org/wp-content/uploads/2023/12/Certificate_OCA.0016.0079.CSMS-NICE-TCM-security.pdf,Charging Station Management System
OCA.0201.0171.CSMS,"NiceInfra Co., Ltd",https://openchargealliance.org/participants/nice-tcm-co-ltd/,Republic of Korea,NiceInfra CSMS,Core,1.0.0,OCPP 2.0.1,2026-06-29,https://openchargealliance.org/wp-content/uploads/2026/07/Certificate_OCA.0201.0171.CSMS_NiceInfra.pdf,Charging Station Management System
OCA.0016.0960.CSMS,"Ningbo Sanxing Smart Electric Co., Ltd.",,China,SanXing CSMS,Full,0.1.0,OCPP 1.6,2025-01-14,https://openchargealliance.org/wp-content/uploads/2025/02/Certificate_OCA.0016.0960.CSMS_NSSE.pdf,Charging Station Management System
OCA.0016.1003.CSMS,NongHyup Agribusiness Group Inc.,,Republic of Korea,NHCharge CSMS 1.6,Full + Security,1.6.01,OCPP 1.6,2025-02-11,https://openchargealliance.org/wp-content/uploads/2025/03/Certificate_OCA.0016.1003.CSMS_NHAG.pdf,Charging Station Management System
OCA.0016.0519.CSMS,Noodoe Inc.,https://openchargealliance.org/participants/noodoe-inc/,USA,Noodoe EV OS,Full,v1.0.2,OCPP 1.6,2023-10-13,https://openchargealliance.org/wp-content/uploads/2023/12/Certificate_OCA.0016.0519.CSMS_Noodoe.pdf,Charging Station Management System
OCA.0201.0024.CSMS,Noodoe Inc.,https://openchargealliance.org/participants/noodoe-inc/,USA,Noodoe EV OS,Core + S,v2.0,OCPP 2.0.1,2024-05-16,https://openchargealliance.org/wp-content/uploads/2024/05/Certificate_OCA.0201.0024.CSMS_Noodoe.pdf,Charging Station Management System
OCA.0016.1085.CSMS,Numocity Technologies Pvt Ltd.,https://openchargealliance.org/participants/numocity-technologies/,India,Numocity EV Charging Platform,Full + Security,3.40.18,OCPP 1.6,2025-08-10,https://openchargealliance.org/wp-content/uploads/2025/08/Certificate_OCA.0016.1085.CSMS_Numocity.pdf,Charging Station Management System
OCA.0016.1100.CSMS,"OMNISYSTEM CO., LTD.",https://openchargealliance.org/participants/omnisystem-co-ltd/,Republic of Korea,EVAS 2.0,Full + Security,1.0.2,OCPP 1.6,2025-08-19,https://openchargealliance.org/wp-content/uploads/2025/09/Certificate_OCA.0016.1100.CSMS_OMNISYSTEM.pdf,Charging Station Management System
OCA.0016.0276.CSMS,"Parkingcloud Co., Ltd.",https://openchargealliance.org/participants/parkingcloud-co-ltd/,Republic of Korea,iPARKING EV,Full,iParking EV v1.0.0,OCPP 1.6,2023-02-16,https://openchargealliance.org/wp-content/uploads/2023/12/Certificate_OCA.0016.0276.CSMS_Parkingcloud-Co.Ltd_.pdf,Charging Station Management System
OCA.0016.0277.CSMS,"Parkingcloud Co., Ltd.",https://openchargealliance.org/participants/parkingcloud-co-ltd/,Republic of Korea,iPARKING EV,Security,iParking EV v1.0.0,OCPP 1.6,2023-02-16,https://openchargealliance.org/wp-content/uploads/2023/12/Certificate_OCA.0016.0277.CSMS_Parkingcloud-Co.Ltd_.pdf,Charging Station Management System
OCA.0016.0980.CSMS,"Pline Motors Co., Ltd.",,Republic of Korea,PODO-CMS,Full,1.6,OCPP 1.6,2025-01-27,https://openchargealliance.org/wp-content/uploads/2025/02/Certificate_OCA.0016.0980.CSMS_Pline.pdf,Charging Station Management System
OCA.0016.0551.CSMS,Pluglink Inc.,,Republic of Korea,Pluglink Connect,Full,1.0.1,OCPP 1.6,2023-10-24,https://openchargealliance.org/wp-content/uploads/2023/12/Certificate_OCA.0016.0551.CSMS_Pluglink.pdf,Charging Station Management System
OCA.0016.0552.CSMS,Pluglink Inc.,,Republic of Korea,Pluglink Connect,Security,1.0.1,OCPP 1.6,2023-10-24,https://openchargealliance.org/wp-content/uploads/2023/12/Certificate_OCA.0016.0552.CSMS_Pluglink.pdf,Charging Station Management System
OCA.0016.0085.CSMS,PMGROW,,Republic of Korea,ChargeMon,Full,v1.0,OCPP 1.6,2022-03-15,https://openchargealliance.org/wp-content/uploads/2023/12/Certificate_OCA00160085CSMS_PMGROW.pdf,Charging Station Management System
OCA.0016.0086.CSMS,PMGROW,,Republic of Korea,ChargeMon,Security,v1.0,OCPP 1.6,2022-03-15,https://openchargealliance.org/wp-content/uploads/2023/12/Certificate_OCA00160086CSMS_PMGROW.pdf,Charging Station Management System
OCA.0016.0148.CSMS,"Powercube Korea Co., Ltd.",https://openchargealliance.org/participants/powercube-korea-co-ltd/,Republic of Korea,evSystem v1.1,Full,1.0,OCPP 1.6,2022-05-24,https://openchargealliance.org/wp-content/uploads/2023/12/Certificate_OCA00160148CSMS_Powercube.pdf,Charging Station Management System
OCA.0016.1261.CSMS,Powerfill Technologies Ltd,https://openchargealliance.org/participants/powerfill-technologies-ltd/,Germany,SteVe OCPP Pro,Core + S + C,Powerfill.io - SteVe OCPP Pro v3.14.0,OCPP 1.6,2026-07-07,https://openchargealliance.org/wp-content/uploads/2026/07/Certificate_OCA.0016.1261.CSMS_Powerfill.pdf,Charging Station Management System
OCA.0016.1225.CSMS,ProRanked LLC,https://openchargealliance.org/participants/proranked-llc/,Puerto Rico,Phevnix Charging Platform,Core + S + C,2.0.0,OCPP 1.6,2026-04-24,https://openchargealliance.org/wp-content/uploads/2026/05/Certificate_OCA.0016.1225.CSMS_Proranked.pdf,Charging Station Management System
OCA.0016.1189.CSMS,"PSTEC Co., Ltd.",https://openchargealliance.org/participants/pstec-co-ltd/,Republic of Korea,ChargeBox,Core + S + C,EVCMS-V3.1.6-R20260201,OCPP 1.6,2026-01-19,https://openchargealliance.org/wp-content/uploads/2026/02/Certificate_OCA.0016.1189.CSMS_PSTEC.pdf,Charging Station Management System
OCA.0201.0008.CSMS,"PUMPKIN Co., Ltd.",https://openchargealliance.org/participants/pumpkin-co-ltd/,Republic of Korea,eBAB Charge Platform,Core + S,1.0.0,OCPP 2.0.1,2023-10-29,https://openchargealliance.org/wp-content/uploads/2023/12/Certificate_OCA.0201.0008.CSMS_PUMPKIN.pdf,Charging Station Management System
OCA.0016.0031.CSMS,"PUMPKIN Co., Ltd.",https://openchargealliance.org/participants/pumpkin-co-ltd/,Republic of Korea,eBAB Server v1.6,Full,1.0,OCPP 1.6,2021-11-03,https://openchargealliance.org/wp-content/uploads/2023/12/Certificate_OCA00160031CSMS_PUMPKIN.pdf,Charging Station Management System
OCA.0016.0032.CSMS,"PUMPKIN Co., Ltd.",https://openchargealliance.org/participants/pumpkin-co-ltd/,Republic of Korea,eBAB Server v1.6,Security,1.0,OCPP 1.6,2021-11-03,https://openchargealliance.org/wp-content/uploads/2023/12/Certificate_OCA00160032CSMS_PUMPKIN.pdf,Charging Station Management System
OCA.0016.0061.CSMS,"PUMPKIN Co., Ltd.",https://openchargealliance.org/participants/pumpkin-co-ltd/,Republic of Korea,eBAB Server v1.6.1,Full,PKOcppSvr v1.2,OCPP 1.6,2022-03-04,https://openchargealliance.org/wp-content/uploads/2023/12/Certificate_OCA00160061CSMS_PUMPKIN.pdf,Charging Station Management System
OCA.0016.0062.CSMS,"PUMPKIN Co., Ltd.",https://openchargealliance.org/participants/pumpkin-co-ltd/,Republic of Korea,eBAB Server v1.6.1,Security,PKOcppSvr v1.2,OCPP 1.6,2022-03-04,https://openchargealliance.org/wp-content/uploads/2023/12/Certificate_OCA00160062CSMS_PUMPKIN.pdf,Charging Station Management System
OCA.0016.1012.CSMS,QCharge LLC,,USA,QCharge,Full,1.0.0,OCPP 1.6,2025-03-13,https://openchargealliance.org/wp-content/uploads/2025/03/Certificate_OCA.0016.1012.CSMS_QCharge.pdf,Charging Station Management System
OCA.0016.1154.CSMS,RAB Lighting Inc.,https://openchargealliance.org/participants/rab-lighting-inc/,USA,Lightcloud Charge,Core + S + C,v1.2.0,OCPP 1.6,2025-11-10,https://openchargealliance.org/wp-content/uploads/2025/12/Certificate_OCA.0016.1154.CSMS_Rablighting.pdf,Charging Station Management System
OCA.0016.0125.CSMS,"Redeng Co., Ltd.",,Republic of Korea,RED-CSMS-K10,Full,1.0,OCPP 1.6,2022-04-13,https://openchargealliance.org/wp-content/uploads/2023/12/Certificate_OCA00160125CSMS_RED-ENG-Inc.pdf,Charging Station Management System
OCA.0016.0126.CSMS,"Redeng Co., Ltd.",,Republic of Korea,RED-CSMS-K10,Security,1.0,OCPP 1.6,2022-04-13,https://openchargealliance.org/wp-content/uploads/2023/12/Certificate_OCA00160126CSMS_RED-ENG.pdf,Charging Station Management System
OCA.0201.0089.CSMS,ReliON,https://openchargealliance.org/participants/relion/,Canada,ReliON Platform & Broker,Core + S + C + D + U,2025.04.07,OCPP 2.0.1,2025-05-27,https://openchargealliance.org/wp-content/uploads/2025/06/Certificate_OCA.0201.0089.CSMS_ReliON.pdf,Charging Station Management System
OCA.0016.0877.CSMS,"Rewaltek (Shenzhen) Technology Co.,Ltd",,China,Rewaltek CSMS,Full,v1.0.0,OCPP 1.6,2024-08-30,https://openchargealliance.org/wp-content/uploads/2024/10/Certificate_OCA.0016.0877.CSMS_Rewaltek.pdf,Charging Station Management System
OCA.0201.0053.CSMS,S44 Energy,https://openchargealliance.org/participants/s44-energy/,USA,CitrineOS,Core + S,1.5.1,OCPP 2.0.1,2024-12-12,https://openchargealliance.org/wp-content/uploads/2025/01/Certificate_OCA.0201.0053.CSMS_S44.pdf,Charging Station Management System
OCA.0016.0064.CSMS,Samsung EVC,,Republic of Korea,CP100(ver. v1.1.1),Full,202202,OCPP 1.6,2022-03-02,https://openchargealliance.org/wp-content/uploads/2023/12/Certificate_OCA00160064CSMS_Samsung-EVC-full.pdf,Charging Station Management System
OCA.0016.0065.CSMS,Samsung EVC,,Republic of Korea,CP100(ver. v1.1.1),Security,202202,OCPP 1.6,2022-03-02,https://openchargealliance.org/wp-content/uploads/2023/12/Certificate_OCA00160065CSMS_Samsung-EVC-security.pdf,Charging Station Management System
OCA.0016.1153.CSMS - update-2025-12-12,"SEL SYSTEM Co.,Ltd",https://openchargealliance.org/participants/sel-system-co-ltd/,Republic of Korea,EVDX CSMS,Core + C,v1.0.0,OCPP 1.6,2025-11-19,https://openchargealliance.org/wp-content/uploads/2025/12/Certificate_OCA.0016.1153.CSMS_SEL_SYSTEM-1.pdf,Charging Station Management System
OCA.0016.0019.CSMS,SemaConnect Inc,https://openchargealliance.org/participants/blinkcharging/,USA,SemaConnect Network Platform,Full,v1.0408.27,OCPP 1.6,2021-05-12,https://openchargealliance.org/wp-content/uploads/2023/12/Certificate_OCA00160019CSMS_SemaConnect.pdf,Charging Station Management System
OCA.0016.0181.CSMS,"SeonKwang System Co., Ltd",https://openchargealliance.org/participants/seonkwang-system-co-ltd/,Republic of Korea,CSMS,Full,V1.0.0,OCPP 1.6,2022-09-02,https://openchargealliance.org/wp-content/uploads/2023/12/Certificate_OCA.0016.0181.CSMS_SKSEVC.pdf,Charging Station Management System
OCA.0016.0021.CSMS,Seoul Energy Cooperation,,Republic of Korea,Seoul Energy EV CSMS,Full,v1.0.2,OCPP 1.6,2021-09-13,https://openchargealliance.org/wp-content/uploads/2023/12/Certificate_OCA00160021CSMS_SEC.pdf,Charging Station Management System
OCA.0016.0022.CSMS,Seoul Energy Cooperation,,Republic of Korea,Seoul Energy EV CSMS,Security,v1.0.2,OCPP 1.6,2021-09-13,https://openchargealliance.org/wp-content/uploads/2023/12/Certificate_OCA00160022CSMS_SEC.pdf,Charging Station Management System
OCA.0016.1114.CSMS,SG Safety Corp.,,Republic of Korea,FILTSON EV,Full + Security,1.0.0,OCPP 1.6,2025-09-15,https://openchargealliance.org/wp-content/uploads/2025/10/Certificate_OCA.0016.0114.CSMS_SG_Safety_Corp.pdf,Charging Station Management System
OCA.0201.0043.CSMS,"Shenzhen EN Plus Tech Co., Ltd.",https://openchargealliance.org/participants/shenzhen-en-plus-tech-co-ltd/,China,Evchargo Cloud,Core + S,v2.7.0,OCPP 2.0.1,2024-08-30,https://openchargealliance.org/wp-content/uploads/2024/10/Certificate_OCA.0201.0043.CSMS_Shenzen_EN_PLUS.pdf,Charging Station Management System
OCA.0201.0157.CSMS,Shenzhen Infypower Co. Ltd,https://openchargealliance.org/participants/shenzhen-infypower-co-ltd/,China,Elecatcher,Core + S + C + I,V2.0.2,OCPP 2.0.1,2026-06-01,https://openchargealliance.org/wp-content/uploads/2026/06/Certificate_OCA.0201.0157.CSMS_Shenzhen_Infypower.pdf,Charging Station Management System
OCA.0016.0895.CSMS,"Shenzhen Infypower Co., Ltd",https://openchargealliance.org/participants/shenzhen-infypower-co-ltd/,China,Elecatcher,Full + Security,V1.6.6,OCPP 1.6,2024-12-18,https://openchargealliance.org/wp-content/uploads/2025/01/Certificate_OCA.0016.0895.CSMS_Infypower.pdf,Charging Station Management System
OCA.0016.0056.CSMS,Shinsegae I&C,,Republic of Korea,CSMS,Full,Shinsegae I&C EV CSMS 1.0,OCPP 1.6,2022-02-22,https://openchargealliance.org/wp-content/uploads/2023/12/Certificate_OCA00160056CSMS_Shinsegae.pdf,Charging Station Management System
OCA.0016.0057.CSMS,Shinsegae I&C,,Republic of Korea,CSMS,Security,Shinsegae I&C EV CSMS 1.0,OCPP 1.6,2022-02-22,https://openchargealliance.org/wp-content/uploads/2023/12/Certificate_OCA00160057CSMS_Shinsegae.pdf,Charging Station Management System
OCA.0016.0458.CSMS,Siemens AG,https://openchargealliance.org/participants/siemens-ag/,Germany,Siemens AG – DepotFinity,Full,6.4,OCPP 1.6,2023-08-08,https://openchargealliance.org/wp-content/uploads/2023/12/Certificate_OCA.0016.0458.CSMS_Siemens-AG.pdf,Charging Station Management System
OCA.0201.0073.CSMS,"SK electlink Co., Ltd.",https://openchargealliance.org/participants/sk-electlink-co-ltd/,Republic of Korea,SK-ELECT-CSMS2,Core + S,1.0.0,OCPP 2.0.1,2025-01-23,https://openchargealliance.org/wp-content/uploads/2025/03/Certificate_OCA.0201.0073.CSMS_SK_electlink.pdf,Charging Station Management System
OCA.0016.0413.CSMS,"SK Electlink Co., Ltd.",https://openchargealliance.org/participants/sk-electlink-co-ltd/,Republic of Korea,SKEL_CSMS_SGY,Full,1.0,OCPP 1.6,2023-06-21,https://openchargealliance.org/wp-content/uploads/2023/12/Certificate_OCA.0016.0413.CSMS_SK-electlink.pdf,Charging Station Management System
OCA.0016.0156.CSMS,SK Energy,,Republic of Korea,Muffin EV,Full,1.0,OCPP 1.6,2022-06-09,https://openchargealliance.org/wp-content/uploads/2023/12/Certificate_OCA00160156CSMS_SK-Energy.pdf,Charging Station Management System
OCA.0016.0107.CSMS,SK Signet Inc.,https://openchargealliance.org/participants/sk-signet-inc/,Republic of Korea,SKSIGNET CSMS 1.6,Full,1.0,OCPP 1.6,2022-04-22,https://openchargealliance.org/wp-content/uploads/2023/12/Certificate_OCA00160107CSMS_SK-SIGNET.pdf,Charging Station Management System
OCA.0016.1186.CSMS,Smart Business & Technologies Solutions SRL,https://openchargealliance.org/participants/smart-business-technologies-solutions-srl/,Romania,Voltrelli CSMS,Core + S + C,1.6J,OCPP 1.6,2026-01-21,https://openchargealliance.org/wp-content/uploads/2026/01/Certificate_OCA.0016.1186.CSMS_SB-TS.pdf,Charging Station Management System
OCA.0016.0466.CSMS,"Smartport Technology Co., Ltd",,Republic of Korea,Smart-CSMS,Full,1.0.0,OCPP 1.6,2023-08-11,https://openchargealliance.org/wp-content/uploads/2023/12/Certificate_OCA.0016.0466.CSMS_Smartport-Technology.pdf,Charging Station Management System
OCA.0016.0467.CSMS,"Smartport Technology Co., Ltd",,Republic of Korea,Smart-CSMS,Security,1.0.0,OCPP 1.6,2023-08-11,https://openchargealliance.org/wp-content/uploads/2023/12/Certificate_OCA.0016.0467_Smartport-Technology.pdf,Charging Station Management System
OCA.0016.0585.CSMS,SOFTBERRY,,Republic of Korea,EV Infra Hub,Full,v20230503.01,OCPP 1.6,2023-12-08,https://openchargealliance.org/wp-content/uploads/2024/01/Certificate_OCA.0016.0585.CSMS_Softberry.pdf,Charging Station Management System
OCA.0016.1006.CSMS,Solidstudio sp. z o.o.,https://openchargealliance.org/participants/solidstudio-sp-z-o-o/,Poland,Solidstudio CPMS,Full + Security,1.0,OCPP 1.6,2025-02-19,https://openchargealliance.org/wp-content/uploads/2025/02/Certificate_OCA.0016.1006.CSMS_SolidStudio.pdf,Charging Station Management System
OCA.0016.0033.CSMS,"Speel Co., Ltd.",,Republic of Korea,SPEEL_CSMS_NSO16,Full,1.0.0,OCPP 1.6,2021-11-23,https://openchargealliance.org/wp-content/uploads/2023/12/Certificate_OCA00160033CSMS_Speel.pdf,Charging Station Management System
OCA.0016.0034.CSMS,"Speel Co., Ltd.",,Republic of Korea,SPEEL_CSMS_NSO16,Security,1.0.0,OCPP 1.6,2021-11-23,https://openchargealliance.org/wp-content/uploads/2023/12/Certificate_OCA00160034CSMS_Speel.pdf,Charging Station Management System
OCA.0016.0655.CSMS,Starcharge Energy Pte. Ltd.,https://openchargealliance.org/participants/wanbang-digital-energy-co-ltd/,Singapore,Charging Station Management System,Full,1.0,OCPP 1.6,2024-01-26,https://openchargealliance.org/wp-content/uploads/2024/04/Certificate_OCA.0016.0655.CSMS_Starcharge.pdf,Charging Station Management System
OCA.0016.0728.CSMS,Starcharge Energy Pte. Ltd.,https://openchargealliance.org/participants/wanbang-digital-energy-co-ltd/,Singapore,Charging Station Management System,Full,1.1,OCPP 1.6,2024-04-29,https://openchargealliance.org/wp-content/uploads/2024/05/Certificate_OCA.0016.0728.CSMS_Starcharge.pdf,Charging Station Management System
OCA.0016.0729.CSMS,Starcharge Energy Pte. Ltd.,https://openchargealliance.org/participants/wanbang-digital-energy-co-ltd/,Singapore,Charging Station Management System,Security,1.1,OCPP 1.6,2024-04-29,https://openchargealliance.org/wp-content/uploads/2024/05/Certificate_OCA.0016.0729.CSMS_Starcharge.pdf,Charging Station Management System
OCA.0201.0139.CSMS,STARCHARGE ENERGY PTE. LTD.,https://openchargealliance.org/participants/wanbang-digital-energy-co-ltd/,China,StarCharge Nebula CSMS,Core + S + C + I,2.13.0,OCPP 2.0.1,2026-02-13,https://openchargealliance.org/wp-content/uploads/2026/03/Certificate_OCA.0201.0139.CSMS_Starcharge.pdf,Charging Station Management System
OCA.0016.0080.CSMS,"Starkoff Co., Ltd.",https://openchargealliance.org/participants/starkoff-co-ltd/,Republic of Korea,Starkoff ChargeMaster (STAR_CSMS V1.0),Full,1.0,OCPP 1.6,2022-03-29,https://openchargealliance.org/wp-content/uploads/2023/12/Certificate_OCA00160080CSMS_Starkoff-full.pdf,Charging Station Management System
OCA.0016.0081.CSMS,"Starkoff Co., Ltd.",https://openchargealliance.org/participants/starkoff-co-ltd/,Republic of Korea,Starkoff ChargeMaster (STAR_CSMS V1.0),Security,1.0,OCPP 1.6,2022-03-29,https://openchargealliance.org/wp-content/uploads/2023/12/Certificate_OCA00160081CSMS_STARKOFF-security.pdf,Charging Station Management System
OCA.0016.0942.CSMS,"STARKOFF Co.,Ltd.",https://openchargealliance.org/participants/starkoff-co-ltd/,Republic of Korea,STARCSMS,Full + Security,,OCPP 1.6,2024-12-23,https://openchargealliance.org/wp-content/uploads/2025/01/Certificate_OCA.0016.0942.CSMS_Starkoff.pdf,Charging Station Management System
OCA.0016.0051.CSMS,STRAFFIC Co. LTD.,,Republic of Korea,SSCharger CSMS,Full,1.0.0,OCPP 1.6,2022-02-16,https://openchargealliance.org/wp-content/uploads/2023/12/Certificate_OCA00160051CSMS_Straffic.pdf,Charging Station Management System
OCA.0016.0704.CSMS,Strides Digital Pte. Ltd.,,Singapore,Strides Digital CMS,Full,1.22.0,OCPP 1.6,2024-04-05,https://openchargealliance.org/wp-content/uploads/2024/04/Certificate_OCA.0016.0704.CSMS_Strides.pdf,Charging Station Management System
OCA.0016.0705.CSMS,Strides Digital Pte. Ltd.,,Singapore,Strides Digital CMS,Security,1.22.0,OCPP 1.6,2024-04-05,https://openchargealliance.org/wp-content/uploads/2024/04/Certificate_OCA.0016.0705.CSMS_Strides.pdf,Charging Station Management System
OCA.0016.0111.CSMS,"SUNGMIN, Ltd.",,Republic of Korea,SM-Charger,Full,1.0,OCPP 1.6,2022-04-22,https://openchargealliance.org/wp-content/uploads/2023/12/Certificate_OCA00160111CSMS_SUNGMIN.pdf,Charging Station Management System
OCA.0016.0112.CSMS,"SUNGMIN, Ltd.",,Republic of Korea,SM-Charger,Security,1.0,OCPP 1.6,2022-04-22,https://openchargealliance.org/wp-content/uploads/2023/12/Certificate_OCA00160112.CSMS_SUNGMIN.pdf,Charging Station Management System
OCA.0201.0011.CSMS,Switch EV Ltd,,United Kingdom,Switch Platform,Core + S,1.0.0,OCPP 2.0.1,2023-11-11,https://openchargealliance.org/wp-content/uploads/2023/12/Certificate_OCA.0201.0011.CSMS_Switch.pdf,Charging Station Management System
OCA.0016.0222.CSMS,SWTCH Energy Inc.,https://openchargealliance.org/participants/swtch-energy-inc/,Canada,SWTCH OS,Full,v1.6.1,OCPP 1.6,2023-01-09,https://openchargealliance.org/wp-content/uploads/2023/12/Certificate_OCA.0016.0222.CSMS_SWTCHEnergyInc.pdf,Charging Station Management System
OCA.0201.0036.CSMS,SWTCH Energy Inc.,https://openchargealliance.org/participants/swtch-energy-inc/,Canada,SWTCH OS,Core,2.0.1,OCPP 2.0.1,2024-06-12,https://openchargealliance.org/wp-content/uploads/2024/06/Certificate_OCA.0201.0036.CSMS_SWTCH.pdf,Charging Station Management System
OCA.0016.0011.CSMS,Tardis Technology,https://openchargealliance.org/participants/tardis-technology/,Republic of Korea,CSMS,Full,evCloud v1.0.0,OCPP 1.6,2021-06-25,https://openchargealliance.org/wp-content/uploads/2023/12/Certificate_OCA00160011CSMS_Tardis-Technology.pdf,Charging Station Management System
OCA.0016.0012.CSMS,Tardis Technology,https://openchargealliance.org/participants/tardis-technology/,Republic of Korea,CSMS,Security,evCloud v1.0.0,OCPP 1.6,2021-06-25,https://openchargealliance.org/wp-content/uploads/2023/12/Certificate_OCA00160012CSMS_Tardis-Technology.pdf,Charging Station Management System
OCA.0201.0009.CSMS,Tardis Technology,https://openchargealliance.org/participants/tardis-technology/,Republic of Korea,evCloud v2.0.0,Core + S,2.0.0,OCPP 2.0.1,2023-10-16,https://openchargealliance.org/wp-content/uploads/2023/12/Certificate_OCA.0201.0009.CSMS_Tardis.pdf,Charging Station Management System
OCA.0201.0030.CSMS,Tardis Technology,https://openchargealliance.org/participants/tardis-technology/,Republic of Korea,evCloud v2.0.0,Core + S + L + C + D + R + U + I,2.0.0,OCPP 2.0.1,2025-04-08,https://openchargealliance.org/wp-content/uploads/2025/04/Certificate_OCA.0201.0030.CSMS_Tardis.pdf,Charging Station Management System
OCA.0016.0406.CSMS,TBU Inc.,https://openchargealliance.org/participants/tbu-inc/,Republic of Korea,EL-CSMS,Full,1.0,OCPP 1.6,2023-06-22,https://openchargealliance.org/wp-content/uploads/2023/12/Certificate_OCA.0016.0406.CSMS_TBU-Inc.pdf,Charging Station Management System
OCA.0016.0407.CSMS,TBU Inc.,https://openchargealliance.org/participants/tbu-inc/,Republic of Korea,EL-CSMS,Security,1.0,OCPP 1.6,2023-06-22,https://openchargealliance.org/wp-content/uploads/2023/12/Certificate_OCA.0016.0407.CSMS_TBU-Inc.pdf,Charging Station Management System
OCA.0201.0035.CSMS,TBU Inc.,https://openchargealliance.org/participants/tbu-inc/,Republic of Korea,TBU CSMS,Core,1.0.0,OCPP 2.0.1,2024-05-31,https://openchargealliance.org/wp-content/uploads/2024/07/Certificate_OCA.0201.0035.CSMS_TBU.pdf,Charging Station Management System
OCA.0201.0162.CSMS,"Teison Energy Technology Co.,Ltd.",https://openchargealliance.org/participants/teison-energy-technology-co-ltd/,China,TAOS,Core + S + C + I,V1.0,OCPP 2.0.1,2026-06-15,https://openchargealliance.org/wp-content/uploads/2026/06/Certificate_OCA.0201.0162.CSMS_Teison.pdf,Charging Station Management System
OCA.0016.0240.CSMS,The Meta-Energy,,Republic of Korea,MetaEV 1.1.0,Full,metaev.1.1.0,OCPP 1.6,2023-01-07,https://openchargealliance.org/wp-content/uploads/2023/12/Certificate_OCA.0016.0240.CSMS_TheMetaEnergy.pdf,Charging Station Management System
OCA.0201.0111.CSMS,The Mobility House,,USA,ChargePilot,Core + S,v2.0.1,OCPP 2.0.1,2025-11-17,https://openchargealliance.org/wp-content/uploads/2025/12/Certificate_OCA.0201.0111.CSMS_TheMobilityHouse.pdf,Charging Station Management System
OCA.0016.1267.CSMS,Trism Inc.,https://openchargealliance.org/participants/trism-inc/,Republic of Korea,Trism CSMS,Core + S + C,1.0.0,OCPP 1.6,2026-07-20,https://openchargealliance.org/wp-content/uploads/2026/07/Certificate_OCA.0016.1267.CSMS_Trism.pdf,Charging Station Management System
OCA.0016.0340.CSMS,"TSCT Co, Ltd",https://openchargealliance.org/participants/tsct-co-ltd/,Republic of Korea,TSCT CSMS OCPP 1.6 server,Full,1.0.0,OCPP 1.6,2023-04-26,https://openchargealliance.org/wp-content/uploads/2023/12/Certificate_OCA.0016.0340.CSMS_TaeSeongConTech.pdf,Charging Station Management System
OCA.0016.0341.CSMS,"TSCT Co, Ltd",https://openchargealliance.org/participants/tsct-co-ltd/,Republic of Korea,TSCT CSMS OCPP 1.6 server,Security,1.0.0,OCPP 1.6,2023-04-26,https://openchargealliance.org/wp-content/uploads/2023/12/Certificate_OCA.0016.0341.CSMS_TaeSeongConTech.pdf,Charging Station Management System
OCA.0016.0150.CSMS,UNIEV Inc.,,Republic of Korea,UNIEV-CSMS,Full,1.1.0,OCPP 1.6,2022-02-28,https://openchargealliance.org/wp-content/uploads/2023/12/Certificate_OCA00160150CSMS_UNIEV.pdf,Charging Station Management System
OCA.0016.0151.CSMS,UNIEV Inc.,,Republic of Korea,UNIEV-CSMS,Security,1.0.0,OCPP 1.6,2022-02-28,https://openchargealliance.org/wp-content/uploads/2023/12/Certificate_OCA00160151CSMS_UNIEV.pdf,Charging Station Management System
OCA.0016.0180.CSMS,UNIVERSITY-INDUSTRY COOPERATION GROUP OF KYUNG HEE UNIVERSITY,https://openchargealliance.org/participants/university-industry-cooperation-group-of-kyung-hee-university/,Republic of Korea,KHU_CSMS_V2,Security,2.0,OCPP 1.6,2022-08-19,https://openchargealliance.org/wp-content/uploads/2023/12/Certificate_OCA.0016.0180.CSMS_UICGOKH.pdf,Charging Station Management System
OCA.0016.0884.CSMS,Uplusit Inc.,https://openchargealliance.org/participants/uplusit-inc/,Republic of Korea,CAREV,Full,1.0.0,OCPP 1.6,2024-10-17,https://openchargealliance.org/wp-content/uploads/2024/11/Certificate_OCA.0016.0884.CSMS_Uplusit.pdf,Charging Station Management System
OCA.0201.0006.CSMS,Vattenfall,https://openchargealliance.org/participants/vattenfall/,The Netherlands,MyInCharge Portal,Core + S,2.0.1,OCPP 2.0.1,2023-11-19,https://openchargealliance.org/wp-content/uploads/2023/12/Certificate_OCA.0201.0006.CSMS_Vattenfall.pdf,Charging Station Management System
OCA.0201.0037.CSMS,Vattenfall InCharge,https://openchargealliance.org/participants/vattenfall/,Netherlands,Incharge portal,Core + C + D + I,20241002-2,OCPP 2.0.1,2025-04-08,https://openchargealliance.org/wp-content/uploads/2025/04/Certificate_OCA.0201.0037.CSMS_Vattenfall.pdf,Charging Station Management System
OCA.0016.1010.CSMS,VEV PLATFORM SERVICES FRANCE,https://openchargealliance.org/participants/vev-platform-services-france/,France,VEV-IQ,Full + Security,V1.7.76,OCPP 1.6,2025-03-27,https://openchargealliance.org/wp-content/uploads/2025/03/Certificate_OCA.0016.1010.CSMS_VEV.pdf,Charging Station Management System
OCA.0016.1219.CSMS,Voltra Energy Inc.,https://openchargealliance.org/participants/voltra-energy/,USA,Voltra Console - CSMS,Core + S + C,v2.0,OCPP 1.6,2026-04-13,https://openchargealliance.org/wp-content/uploads/2026/04/Certificate_OCA.0016.1219.CSMS_Voltra.pdf,Charging Station Management System
OCA.0016.0609.CSMS,"WELLBIOTECEVC Co., Ltd.",,Republic of Korea,evspeed CSMS,Full,1.6,OCPP 1.6,2024-01-22,https://openchargealliance.org/wp-content/uploads/2024/02/Certificate_OCA.0016.0609.CSMS_WELLBIOTECEVC.pdf,Charging Station Management System
OCA.0016.0188.CSMS,Wevo Energy,https://openchargealliance.org/participants/wevo-energy/,Israel,Wevo Energy Platform,Full,1.0.1,OCPP 1.6,2022-09-15,https://openchargealliance.org/wp-content/uploads/2023/12/Certificate_OCA.0016.0188.CSMS_WevoEnergy.pdf,Charging Station Management System
OCA.0016.0189.CSMS,Wevo Energy,https://openchargealliance.org/participants/wevo-energy/,Israel,Wevo Energy Platform,Security,1.0.1,OCPP 1.6,2022-09-15,https://openchargealliance.org/wp-content/uploads/2023/12/Certificate_OCA.0016.0189.CSMS_WevoEnergy.pdf,Charging Station Management System
OCA.0201.0034.CSMS,Wevo Energy,https://openchargealliance.org/participants/wevo-energy/,Israel,Wevo Energy Platform,Core,OCPP2 1.0.0,OCPP 2.0.1,2024-05-15,https://openchargealliance.org/wp-content/uploads/2024/05/Certificate_OCA.0201.0034.CSMS_Wevo-Energy.pdf,Charging Station Management System
OCA.0016.1205.CSMS,"Wizit Energy CO., LTD.",,Republic of Korea,EVAS 2.0,Core + S + C,1.0.2,OCPP 1.6,2026-02-25,https://openchargealliance.org/wp-content/uploads/2026/03/Certificate_OCA.0016.1205.CSMS_WIZIT.pdf,Charging Station Management System
OCA.0016.0737.CSMS,"WONIK PNE Co., Ltd. (Formerly PNE Systems)",https://openchargealliance.org/participants/pne-systems-inc/,Republic of Korea,PNE CSMS,Full,1.0,OCPP 1.6,2024-04-16,https://openchargealliance.org/wp-content/uploads/2024/05/Certificate_OCA.0016.0737.CSMS_PNE.pdf,Charging Station Management System
OCA.0016.0738.CSMS,"WONIK PNE Co., Ltd. (Formerly PNE Systems)",https://openchargealliance.org/participants/pne-systems-inc/,Republic of Korea,PNE CSMS,Security,1.0,OCPP 1.6,2024-04-16,https://openchargealliance.org/wp-content/uploads/2024/05/Certificate_OCA.0016.0738.CSMS_PNE.pdf,Charging Station Management System
OCA.0016.0244.CSMS,"Woojin Electric Machinery Co., Ltd.",,Republic of Korea,WJ-CSMS,Full,1.0,OCPP 1.6,2022-08-17,https://openchargealliance.org/wp-content/uploads/2023/12/Certificate_OCA.0016.0244.CSMS_WOOJIN-Electric-Machinery-Co.Ltd_.pdf,Charging Station Management System
OCA.0016.0245.CSMS,"Woojin Electric Machinery Co., Ltd.",,Republic of Korea,WJ-CSMS,Security,1.0,OCPP 1.6,2022-08-17,https://openchargealliance.org/wp-content/uploads/2023/12/Certificate_OCA.0016.0245.CSMS_WOOJIN-Electric-Machinery-Co.Ltd_.pdf,Charging Station Management System
OCA.0016.0803.CSMS,"WOOJIN Electric Machinery Co., Ltd.",,Republic of Korea,WJ-CSMS,Full,WJ-LCSMS 2.0,OCPP 1.6,2024-06-10,https://openchargealliance.org/wp-content/uploads/2024/07/Certificate_OCA.0016.0803.CSMS_WOOJIN.pdf,Charging Station Management System
OCA.0016.0804.CSMS,"WOOJIN Electric Machinery Co., Ltd.",,Republic of Korea,WJ-CSMS,Security,WJ-LCSMS 2.0,OCPP 1.6,2024-06-10,https://openchargealliance.org/wp-content/uploads/2024/07/Certificate_OCA.0016.0804.CSMS_WOOJIN.pdf,Charging Station Management System
OCA.0016.0984.CSMS,"YWMobile Co., Ltd",,Republic of Korea,Star-T CSMS,Full,1.0.0,OCPP 1.6,2025-01-22,https://openchargealliance.org/wp-content/uploads/2025/02/Certificate_OCA.0016.0984.CSMS_YWMobile.pdf,Charging Station Management System
